step,pwm_l,pwm_r,compensation,enc_l,enc_r
0,255.0000,255.0000,0.0000,0.0000
1,255.0000,255.0000,0.0000,0.0229
2,255.0000,255.0000,0.0000,0.1146
3,255.0000,255.0000,0.0000,0.2292
4,255.0000,255.0000,0.0000,0.3896
5,255.0000,255.0000,0.0000,0.5730
6,255.0000,255.0000,-30.0000,0.8022
7,225.0000,255.0000,-14.0695,1.0543
8,240.9305,255.0000,-0.9167,1.3064
9,254.0832,255.0000,-14.0216,1.6043
10,240.9784,255.0000,-7.6022,1.9023
11,247.3978,255.0000,-14.1590,2.2231
12,240.8411,255.0000,-7.8989,2.5440
13,247.1011,255.0000,-1.6043,2.8648
14,253.3957,255.0000,-8.0032,3.2086
15,246.9968,255.0000,-14.5720,3.5753
16,240.4280,255.0000,-8.2369,3.9420
17,246.7631,255.0000,-8.4564,4.3087
18,246.5436,255.0000,-8.5658,4.6754
19,246.4342,255.0000,-8.5361,5.0650
20,246.4639,255.0000,-15.0611,5.4547
21,239.9390,255.0000,-8.9079,5.8443
22,246.0922,255.0000,-9.0776,6.2339
23,245.9225,255.0000,-15.2267,6.6464
24,239.7733,255.0000,-9.3862,7.0360
25,245.6139,255.0000,-15.6840,7.4486
26,239.3160,255.0000,-9.5836,7.8611
27,245.4164,255.0000,-9.8949,8.2507
28,245.1051,255.0000,-9.8479,8.6633
29,245.1521,255.0000,-16.3128,9.0758
30,238.6871,255.0000,-10.1709,9.4883
31,244.8291,255.0000,-10.3240,9.9009
32,244.6760,255.0000,-16.4590,10.3363
33,238.5409,255.0000,-10.6357,10.7489
34,244.3643,255.0000,-4.5837,11.1385
35,250.4163,255.0000,7.6385,11.5052
36,255.0000,247.3616,-10.5179,11.9177
37,244.4821,255.0000,-16.7513,12.3532
38,238.2487,255.0000,-16.8395,12.7886
39,238.1605,255.0000,-10.9475,13.2241
40,244.0525,255.0000,-17.1802,13.6595
41,237.8198,255.0000,-11.4076,14.0721
42,243.5924,255.0000,-11.4426,14.5075
43,243.5574,255.0000,-11.7040,14.9201
44,243.2960,255.0000,0.3821,15.3097
45,255.0000,254.6179,-5.5005,15.6993
46,249.4995,255.0000,-11.7711,16.1118
47,243.2289,255.0000,-17.9004,16.5473
48,237.0996,255.0000,-11.9242,16.9828
49,243.0758,255.0000,-18.2347,17.4182
50,236.7654,255.0000,-12.2110,17.8537
51,242.7889,255.0000,-12.3074,18.2891
52,242.6926,255.0000,-0.4185,18.6787
53,254.5815,255.0000,-12.5273,19.0913
54,242.4728,255.0000,-12.4463,19.5267
55,242.5537,255.0000,-18.4037,19.9851
56,236.5963,255.0000,-0.7471,20.3747
57,254.2528,255.0000,-12.6954,20.8102
58,242.3046,255.0000,-12.7886,21.2456
59,242.2114,255.0000,-19.2665,21.6811
60,235.7335,255.0000,-1.0879,22.0707
61,253.9121,255.0000,-0.9320,22.4603
62,254.0680,255.0000,-19.0697,22.8958
63,235.9303,255.0000,-13.2586,23.3312
64,241.7415,255.0000,-13.3040,23.7667
65,241.6960,255.0000,-1.2834,24.1563
66,253.7165,255.0000,-13.3102,24.5918
67,241.6898,255.0000,-1.2911,24.9814
68,253.7089,255.0000,-13.3258,25.4168
69,241.6742,255.0000,-13.4201,25.8523
70,241.5800,255.0000,4.9974,26.1961
71,255.0000,250.0026,-13.3352,26.6315
72,241.6648,255.0000,-13.4435,27.0670
73,241.5565,255.0000,-1.4149,27.4566
74,253.5851,255.0000,-1.2182,27.8462
75,253.7819,255.0000,-13.2745,28.2817
76,241.7255,255.0000,-13.4326,28.7171
77,241.5674,255.0000,-13.5053,29.1526
78,241.4947,255.0000,-19.5606,29.6110
79,235.4393,255.0000,-1.7264,30.0006
80,253.2736,255.0000,-13.7779,30.4360
81,241.2220,255.0000,-1.7295,30.8257
82,253.2705,255.0000,-13.7795,31.2611
83,241.2205,255.0000,-1.7202,31.6507
84,253.2798,255.0000,-13.7764,32.0862
85,241.2236,255.0000,-13.9366,32.5216
86,241.0634,255.0000,10.4170,32.8654
87,255.0000,244.5830,-13.6932,33.3009
88,241.3069,255.0000,-13.7608,33.7363
89,241.2393,255.0000,-13.8847,34.1718
90,241.1154,255.0000,-1.8130,34.5614
91,253.1870,255.0000,-19.7627,35.0198
92,235.2373,255.0000,-1.9556,35.4094
93,253.0444,255.0000,-14.0322,35.8448
94,240.9678,255.0000,-1.9540,36.2345
95,253.0459,255.0000,-14.0040,36.6699
96,240.9960,255.0000,-1.9448,37.0595
97,253.0553,255.0000,-7.9070,37.4950
98,247.0930,255.0000,-14.0306,37.9305
99,240.9694,255.0000,-14.0999,38.3659
100,240.9001,255.0000,-2.0187,38.7555
101,252.9812,255.0000,-1.9183,39.1451
102,253.0818,255.0000,-14.0134,39.5806
103,240.9867,255.0000,-14.1311,40.0161
104,240.8689,255.0000,-1.9887,40.4057
105,253.0112,255.0000,-14.1186,40.8411
106,240.8815,255.0000,10.2586,41.1849
107,255.0000,244.7415,-13.9113,41.6204
108,241.0886,255.0000,10.4452,41.9641
109,255.0000,244.5548,-13.6540,42.3996
110,241.3461,255.0000,-19.6964,42.8580
111,235.3036,255.0000,-13.9621,43.2934
112,241.0378,255.0000,-14.0860,43.7289
113,240.9141,255.0000,-14.1990,44.1643
114,240.8010,255.0000,-20.1881,44.6227
115,234.8119,255.0000,-14.5382,45.0582
116,240.4618,255.0000,-14.6620,45.4936
117,240.3380,255.0000,-8.7091,45.9291
118,246.2909,255.0000,-14.7352,46.3645
119,240.2649,255.0000,-14.8881,46.8000
120,240.1119,255.0000,-8.9383,47.2125
121,246.0618,255.0000,-15.0384,47.6480
122,239.9615,255.0000,-15.1050,48.0834
123,239.8950,255.0000,-15.0857,48.5418
124,239.9143,255.0000,-9.2821,48.9543
125,245.7179,255.0000,-15.3838,49.3898
126,239.6162,255.0000,-9.3967,49.8253
127,245.6033,255.0000,-15.5457,50.2607
128,239.4543,255.0000,-15.5633,50.6962
129,239.4366,255.0000,-15.5456,51.1545
130,239.4545,255.0000,2.2389,51.5442
131,255.0000,252.7611,-15.7310,51.9567
132,239.2690,255.0000,-15.5530,52.4151
133,239.4470,255.0000,-15.8110,52.8505
134,239.1890,255.0000,2.1303,53.2401
135,255.0000,252.8696,-15.6764,53.6756
136,239.3236,255.0000,-3.6403,54.0652
137,251.3597,255.0000,-15.7291,54.5007
138,239.2709,255.0000,-3.6293,54.8903
139,251.3706,255.0000,-15.6918,55.3257
140,239.3082,255.0000,-15.8281,55.7612
141,239.1719,255.0000,-15.9914,56.1967
142,239.0087,255.0000,-16.0635,56.6321
143,238.9364,255.0000,-3.9479,57.0217
144,251.0521,255.0000,-3.9006,57.4113
145,251.0994,255.0000,-15.9443,57.8468
146,239.0558,255.0000,-16.0433,58.2823
147,238.9567,255.0000,-16.1844,58.7177
148,238.8157,255.0000,-4.3156,59.1302
149,250.6843,255.0000,-16.1363,59.5657
150,238.8636,255.0000,-16.2881,60.0012
151,238.7119,255.0000,-4.1929,60.3908
152,250.8071,255.0000,-16.2648,60.8262
153,238.7352,255.0000,-4.2039,61.2159
154,250.7961,255.0000,-16.3099,61.6513
155,238.6901,255.0000,-4.2101,62.0409
156,250.7899,255.0000,-16.3320,62.4764
157,238.6680,255.0000,-4.2211,62.8660
158,250.7789,255.0000,-16.3606,63.3015
159,238.6394,255.0000,-16.4120,63.7369
160,238.5880,255.0000,-16.5002,64.1724
161,238.4999,255.0000,-16.4741,64.6307
162,238.5259,255.0000,-4.5897,65.0204
163,250.4103,255.0000,-4.5378,65.4100
164,250.4622,255.0000,14.0794,65.7538
165,255.0000,240.9207,-16.0635,66.1892
166,238.9364,255.0000,-10.0842,66.6017
167,244.9158,255.0000,-3.9888,66.9914
168,251.0112,255.0000,-16.1234,67.4268
169,238.8766,255.0000,-16.1985,67.8623
170,238.8015,255.0000,-4.2346,68.2748
171,250.7654,255.0000,-16.1456,68.7103
172,238.8545,255.0000,-16.3178,69.1457
173,238.6822,255.0000,-16.2083,69.6041
174,238.7917,255.0000,-4.2980,69.9937
175,250.7020,255.0000,-4.2782,70.3833
176,250.7218,255.0000,2.0015,70.7730
177,255.0000,252.9985,-16.1075,71.2084
178,238.8925,255.0000,-16.1922,71.6439
179,238.8077,255.0000,-4.2197,72.0564
180,250.7803,255.0000,-3.9841,72.4460
181,251.0159,255.0000,-16.1171,72.8815
182,238.8829,255.0000,-16.1844,73.3169
183,238.8157,255.0000,-16.1885,73.7753
184,238.8115,255.0000,-4.2180,74.1649
185,250.7821,255.0000,1.9517,74.5545
186,255.0000,253.0483,-16.0996,74.9900
187,238.9004,255.0000,-16.2221,75.4254
188,238.7778,255.0000,-10.1988,75.8609
189,244.8011,255.0000,-22.2448,76.3193
190,232.7551,255.0000,-4.3263,76.7089
191,250.6737,255.0000,1.8526,77.0985
192,255.0000,253.1475,-16.1922,77.5340
193,238.8077,255.0000,8.2149,77.8777
194,255.0000,246.7852,-15.9914,78.3132
195,239.0087,255.0000,7.8872,78.6799
196,255.0000,247.1128,-15.7892,79.1154
197,239.2108,255.0000,-9.7404,79.5279
198,245.2595,255.0000,-3.5563,79.9175
199,251.4437,255.0000,-15.7685,80.3530
200,239.2314,255.0000,-15.6957,80.8113
201,239.3043,255.0000,-15.9693,81.2468
202,239.0308,255.0000,-15.9279,81.7052
203,239.0721,255.0000,-3.9558,82.0948
204,251.0442,255.0000,-16.1060,82.5302
205,238.8940,255.0000,-10.0842,82.9657
206,244.9158,255.0000,-16.2332,83.4012
207,238.7667,255.0000,-16.0835,83.8595
208,238.9165,255.0000,-16.4324,84.2950
209,238.5676,255.0000,-10.4280,84.7304
210,244.5720,255.0000,-4.2726,85.1201
211,250.7274,255.0000,-10.3134,85.5555
212,244.6865,255.0000,-16.4403,85.9910
213,238.5597,255.0000,-16.5391,86.4264
214,238.4609,255.0000,-10.5426,86.8619
215,244.4574,255.0000,-16.6569,87.2973
216,238.3431,255.0000,-4.5351,87.6870
217,250.4650,255.0000,1.5095,88.0766
218,255.0000,253.4905,-16.4073,88.5120
219,238.5926,255.0000,-16.5376,88.9475
220,238.4624,255.0000,-4.6066,89.3600
221,250.3933,255.0000,-16.5643,89.7955
222,238.4357,255.0000,-10.5426,90.2309
223,244.4574,255.0000,-4.5287,90.6205
224,250.4713,255.0000,7.6547,90.9872
225,255.0000,247.3453,-16.2348,91.4227
226,238.7651,255.0000,-16.2990,91.8582
227,238.7010,255.0000,-4.3147,92.2707
228,250.6853,255.0000,-4.0546,92.6603
229,250.9454,255.0000,-16.2412,93.0958
230,238.7588,255.0000,-16.1156,93.5541
231,238.8844,255.0000,-16.4214,93.9896
232,238.5786,255.0000,-4.4994,94.4021
233,250.5006,255.0000,-10.3134,94.8376
234,244.6865,255.0000,-16.4434,95.2730
235,238.5566,255.0000,-16.5329,95.7085
236,238.4672,255.0000,-10.5426,96.1440
237,244.4574,255.0000,-16.5083,96.6023
238,238.4917,255.0000,-16.7542,97.0378
239,238.2457,255.0000,1.2257,97.4274
240,255.0000,253.7743,-16.4949,97.8858
241,238.5051,255.0000,-10.6572,98.3212
242,244.3428,255.0000,-16.7589,98.7567
243,238.2411,255.0000,-16.6842,99.2151
244,238.3158,255.0000,-16.9678,99.6505
245,238.0322,255.0000,-11.0010,100.0860
246,243.9990,255.0000,-16.9134,100.5443
247,238.0867,255.0000,-11.1156,100.9798
248,243.8844,255.0000,-11.1156,101.4153
249,243.8844,255.0000,7.0314,101.7590
250,255.0000,247.9685,-16.6974,102.2174
251,238.3026,255.0000,-10.8864,102.6529
252,244.1136,255.0000,-16.8431,103.1112
253,238.1569,255.0000,-17.0255,103.5467
254,237.9745,255.0000,-17.0992,104.0051
255,237.9008,255.0000,-11.2302,104.4405
256,243.7698,255.0000,-17.3602,104.8760
257,237.6399,255.0000,-11.3448,105.3114
258,243.6553,255.0000,-17.2970,105.7698
259,237.7030,255.0000,-11.4594,106.2053
260,243.5406,255.0000,-17.3820,106.6636
261,237.6179,255.0000,-11.5739,107.0991
262,243.4260,255.0000,-17.6647,107.5345
263,237.3353,255.0000,12.1742,107.8783
264,255.0000,242.8258,-5.3016,108.2909
265,249.6984,255.0000,-11.1156,108.7263
266,243.8844,255.0000,-17.0560,109.1847
267,237.9441,255.0000,-17.3334,109.6202
268,237.6665,255.0000,-17.2601,110.0785
269,237.7399,255.0000,-11.4594,110.5140
270,243.5406,255.0000,-5.5381,110.9265
271,249.4619,255.0000,-17.4543,111.3620
272,237.5457,255.0000,-5.5674,111.7745
273,249.4326,255.0000,-11.3448,112.2100
274,243.6553,255.0000,0.7686,112.5996
275,255.0000,254.2313,-17.0693,113.0350
276,237.9307,255.0000,-17.3570,113.4934
277,237.6429,255.0000,-17.2689,113.9518
278,237.7311,255.0000,-5.3467,114.3414
279,249.6533,255.0000,0.3553,114.7539
280,255.0000,254.6448,-11.1156,115.1894
281,243.8844,255.0000,-23.3253,115.6478
282,231.6747,255.0000,-17.2733,116.1061
283,237.7267,255.0000,-11.4594,116.5416
284,243.5406,255.0000,-17.4027,117.0000
285,237.5973,255.0000,12.3968,117.3438
286,255.0000,242.6031,-11.1156,117.7792
287,243.8844,255.0000,-17.0545,118.2376
288,237.9456,255.0000,-17.3539,118.6730
289,237.6461,255.0000,-17.2542,119.1314
290,237.7457,255.0000,12.7859,119.4752
291,255.0000,242.2141,-16.9148,119.9336
292,238.0852,255.0000,-17.2220,120.3690
293,237.7781,255.0000,-17.1484,120.8274
294,237.8516,255.0000,-17.4732,121.2629
295,237.5269,255.0000,-11.4594,121.7212
296,243.5406,255.0000,-17.5130,122.1567
297,237.4871,255.0000,-11.5739,122.6151
298,243.4260,255.0000,-17.4907,123.0734
299,237.5093,255.0000,-11.6885,123.5089
300,243.3115,255.0000,-17.7452,123.9443
301,237.2548,255.0000,-17.7391,124.4027
302,237.2609,255.0000,-11.9177,124.8611
303,243.0823,255.0000,-17.9976,125.2965
304,237.0023,255.0000,-12.0323,125.7320
305,242.9676,255.0000,-12.0323,126.1904
306,242.9676,255.0000,-18.0844,126.6258
307,236.9156,255.0000,-12.1469,127.0842
308,242.8530,255.0000,-18.0784,127.5426
309,236.9215,255.0000,-12.2615,127.9780
310,242.7385,255.0000,-18.1798,128.4364
311,236.8202,255.0000,-12.3761,128.8719
312,242.6239,255.0000,-18.2944,129.3302
313,236.7057,255.0000,-12.4907,129.7657
314,242.5093,255.0000,-12.4907,130.2241
315,242.5093,255.0000,-18.6018,130.6595
316,236.3982,255.0000,-0.9024,131.0720
317,254.0975,255.0000,-18.4904,131.5075
318,236.5096,255.0000,-18.3841,131.9659
319,236.6160,255.0000,11.5294,132.3097
320,255.0000,243.4706,-18.1246,132.7680
321,236.8755,255.0000,-0.2125,133.1576
322,254.7876,255.0000,-24.1396,133.6160
323,230.8605,255.0000,-18.1695,134.0744
324,236.8304,255.0000,-12.3761,134.5099
325,242.6239,255.0000,-18.3091,134.9682
326,236.6909,255.0000,-18.4252,135.4266
327,236.5748,255.0000,11.4806,135.7704
328,255.0000,243.5194,-18.0578,136.2288
329,236.9421,255.0000,-12.2615,136.6642
330,242.7385,255.0000,-18.1857,137.1226
331,236.8143,255.0000,-12.3761,137.5580
332,242.6239,255.0000,-18.4998,137.9935
333,236.5002,255.0000,-12.4907,138.4290
334,242.5093,255.0000,-12.4907,138.8644
335,242.5093,255.0000,-0.5354,139.2540
336,254.4646,255.0000,11.8427,139.5978
337,255.0000,243.1573,-11.8031,140.0333
338,243.1969,255.0000,-17.7288,140.4916
339,237.2712,255.0000,-17.9976,140.9271
340,237.0023,255.0000,-6.1751,141.3396
341,248.8248,255.0000,-11.9177,141.7751
342,243.0823,255.0000,0.1957,142.1647
343,255.0000,254.8043,-11.6885,142.6002
344,243.3115,255.0000,-5.7437,143.0127
345,249.2563,255.0000,-17.6992,143.4481
346,237.3008,255.0000,-17.6304,143.9065
347,237.3696,255.0000,-17.6892,144.3649
348,237.3108,255.0000,-11.9177,144.8003
349,243.0823,255.0000,-17.8243,145.2587
350,237.1758,255.0000,-12.0323,145.6942
351,242.9676,255.0000,-12.0323,146.1526
352,242.9676,255.0000,-17.9521,146.6109
353,237.0480,255.0000,-12.1469,147.0464
354,242.8530,255.0000,-12.1469,147.4818
355,242.8530,255.0000,-18.0814,147.9402
356,236.9186,255.0000,-18.1666,148.3986
357,236.8334,255.0000,-12.3761,148.8340
358,242.6239,255.0000,-12.3761,149.2695
359,242.6239,255.0000,-12.3761,149.7279
360,242.6239,255.0000,-18.3106,150.1862
361,236.6894,255.0000,-12.4907,150.6217
362,242.5093,255.0000,-18.3378,151.0801
363,236.6622,255.0000,-12.6053,151.5155
364,242.3948,255.0000,10.8177,151.8822
365,255.0000,244.1822,-12.1469,152.3177
366,242.8530,255.0000,-18.0873,152.7761
367,236.9127,255.0000,-12.2615,153.2115
368,242.7385,255.0000,-18.2108,153.6699
369,236.7892,255.0000,-18.4669,154.1053
370,236.5331,255.0000,-6.5871,154.5179
371,248.4130,255.0000,-12.3761,154.9533
372,242.6239,255.0000,-0.6961,155.3659
373,254.3038,255.0000,-18.2722,155.8013
374,236.7278,255.0000,-18.2167,156.2597
375,236.7832,255.0000,-12.3761,156.7181
376,242.6239,255.0000,-18.3195,157.1764
377,236.6805,255.0000,-12.4907,157.6348
378,242.5093,255.0000,-18.6270,158.0703
379,236.3730,255.0000,-12.6053,158.5287
380,242.3948,255.0000,-18.5605,158.9870
381,236.4394,255.0000,11.4823,159.3308
382,255.0000,243.5177,-0.1048,159.7204
383,254.8951,255.0000,-17.9890,160.1788
384,237.0110,255.0000,6.3431,160.5226
385,255.0000,248.6569,-17.7988,160.9810
386,237.2012,255.0000,-17.8909,161.4393
387,237.1091,255.0000,12.1822,161.7831
388,255.0000,242.8179,-17.5516,162.2415
389,237.4484,255.0000,-17.6393,162.6999
390,237.3607,255.0000,-17.7748,163.1582
391,237.2252,255.0000,-17.8228,163.6166
392,237.1772,255.0000,-17.9565,164.0750
393,237.0436,255.0000,12.0246,164.4188
394,255.0000,242.9755,-17.6230,164.8771
395,237.3769,255.0000,-5.8672,165.2897
396,249.1328,255.0000,0.4279,165.6793
397,255.0000,254.5720,6.5097,166.0460
398,255.0000,248.4904,-17.2535,166.4814
399,237.7466,255.0000,-5.2375,166.8940
400,260.2374,255.0000,-17.1113,167.3524
401,272.1113,255.0000,-5.2345,167.7649
402,260.2345,255.0000,19.3930,168.0858
403,255.0000,274.3931,30.0000,168.3149
404,255.0000,285.0000,30.0000,168.5441
405,255.0000,285.0000,3.8545,168.8191
406,255.0000,258.8545,-28.1708,169.1171
407,283.1708,255.0000,-30.0000,169.4380
408,285.0000,255.0000,-30.0000,169.7588
409,285.0000,255.0000,-16.5090,170.0109
410,271.5090,255.0000,15.9532,170.1943
411,255.0000,270.9531,28.6114,170.3547
412,255.0000,283.6113,16.8636,170.5381
413,255.0001,271.8638,-8.5945,170.7443
414,263.5945,255.0000,-28.3664,170.9964
415,283.3665,255.0000,-28.3492,171.2485
416,283.3493,255.0000,-9.2821,171.4548
417,264.2821,255.0000,17.0002,171.6152
418,255.0000,272.0003,30.0000,171.7298
419,255.0000,285.0000,24.8642,171.8673
420,255.0000,279.8643,-0.9074,172.0736
421,255.9075,255.0000,-30.0000,172.3257
422,285.0000,255.0000,-27.1099,172.5778
423,282.1099,255.0000,-27.4802,172.8528
424,282.4802,255.0000,4.5682,173.0591
425,255.0001,259.5684,24.7076,173.2195
426,254.9999,279.7075,11.8055,173.4029
427,255.0001,266.8057,-7.2194,173.6092
428,262.2194,255.0000,-30.0000,173.8613
429,285.0000,255.0000,-27.1622,174.1137
430,282.1622,255.0000,-8.1016,174.3202
431,263.1016,255.0000,17.8104,174.4809
432,255.0001,272.8106,30.0000,174.6186
433,255.0000,285.0000,25.9440,174.7563
434,254.9999,280.9439,-6.3062,174.9628
435,261.3062,255.0000,-26.0715,175.1923
436,281.0714,255.0000,-19.7546,175.4218
437,274.7546,255.0000,-6.8799,175.6284
438,261.8799,255.0000,26.4878,175.7660
439,255.0000,281.4878,30.0000,175.8808
440,255.0000,285.0000,30.0000,176.0185
441,255.0000,285.0000,1.8460,176.2021
442,255.0000,256.8460,-24.5034,176.4316
443,279.5034,255.0000,-30.0000,176.7070
444,285.0000,255.0000,-30.0000,176.9594
445,285.0000,255.0000,-12.7435,177.1660
446,267.7435,255.0000,12.8850,177.3495
447,255.0000,267.8850,26.8983,177.4872
448,255.0001,281.8984,27.9327,177.6249
449,254.9999,282.9326,-4.8145,177.8315
450,259.8145,255.0000,-24.4437,178.0610
451,279.4437,255.0000,-30.0000,178.3134
452,285.0000,255.0000,0.9544,178.4970
453,255.0000,255.9543,27.3664,178.6347
454,254.9999,282.3662,21.2793,178.7953
455,255.0000,276.2793,8.3480,179.0019
456,255.0001,263.3482,-17.1458,179.2543
457,272.1459,255.0000,-30.0000,179.5297
458,285.0000,255.0000,-30.0000,179.8051
459,285.0000,255.0000,-5.6177,180.0117
460,260.6177,255.0000,13.9256,180.1952
461,255.0000,268.9255,30.0000,180.3329
462,255.0000,285.0000,21.6452,180.4936
463,254.9999,276.6450,-4.1260,180.7001
464,259.1260,255.0000,-24.1522,180.9296
465,279.1522,255.0000,-17.5672,181.1591
466,272.5673,255.0000,1.8452,181.3427
467,255.0000,256.8452,21.7615,181.5034
468,255.0000,276.7615,15.5684,181.6640
469,255.0000,270.5684,-10.4254,181.8705
470,265.4254,255.0000,-30.0000,182.1230
471,285.0000,255.0000,-24.1157,182.3525
472,279.1157,255.0000,-4.8145,182.5590
473,259.8145,255.0000,21.6125,182.6967
474,255.0000,276.6126,30.0000,182.8344
475,255.0000,285.0000,29.1932,182.9721
476,255.0001,284.1934,3.4607,183.1557
477,255.0000,258.4607,-22.9655,183.3852
478,277.9655,255.0000,-30.0000,183.6606
479,285.0000,255.0000,-30.0000,183.9130
480,285.0000,255.0000,-11.1443,184.1196
481,266.1443,255.0000,8.2971,184.3032
482,255.0000,263.2971,30.0000,184.4179
483,255.0000,285.0000,22.1764,184.5785
484,254.9999,277.1763,-3.3228,184.7851
485,258.3228,255.0000,-30.0000,185.0146
486,285.0000,255.0000,-23.2026,185.2441
487,278.2026,255.0000,2.2883,185.4506
488,255.0000,257.2883,23.0478,185.5883
489,255.0000,278.0479,16.2131,185.7490
490,254.9999,271.2129,-9.8722,185.9555
491,264.8722,255.0000,-30.0000,186.2079
492,285.0000,255.0000,-23.6563,186.4374
493,278.6563,255.0000,-10.7965,186.6440
494,265.7965,255.0000,21.2327,186.8046
495,255.0000,276.2327,30.0000,186.9194
496,255.0000,285.0000,29.2043,187.0571
497,254.9999,284.2041,-2.6343,187.2636
498,257.6343,255.0000,-9.1558,187.4701
499,264.1559,255.0000,-22.9455,187.6996
500,277.9456,255.0000,10.2053,187.8603
501,255.0000,265.2053,29.9420,187.9980
502,254.9999,284.9419,17.3880,188.1586
503,255.0000,272.3880,4.5225,188.3422
504,254.9999,259.5225,-30.0000,188.5947
505,285.0000,255.0000,-30.0000,188.8701
506,285.0000,255.0000,-30.0000,189.1454
507,285.0000,255.0000,-10.4540,189.3520
508,265.4540,255.0000,8.8834,189.5356
509,254.9999,263.8833,28.8619,189.6733
510,254.9999,283.8618,16.4159,189.8339
511,255.0001,271.4160,-2.8638,190.0405
512,257.8638,255.0000,-29.8613,190.2700
513,284.8613,255.0000,-29.2032,190.5224
514,284.2033,255.0000,2.7596,190.7060
515,255.0000,257.7595,28.8516,190.8437
516,254.9999,283.8516,9.7492,191.0273
517,254.9999,264.7490,-9.3835,191.2338
518,264.3836,255.0000,-29.4866,191.4633
519,284.4866,255.0000,-29.2968,191.7158
520,284.2969,255.0000,-10.4306,191.9223
521,265.4306,255.0000,15.6181,192.0829
522,255.0001,270.6182,30.0000,192.2206
523,255.0000,285.0000,30.0000,192.3583
524,255.0000,285.0000,4.1509,192.5419
525,254.9999,259.1509,-22.0499,192.7714
526,277.0498,255.0000,-30.0000,193.0468
527,285.0000,255.0000,-30.0000,193.3222
528,285.0000,255.0000,-10.6456,193.5287
529,265.6456,255.0000,15.6229,193.6894
530,255.0001,270.6231,28.9879,193.8271
531,254.9999,283.9878,16.4755,193.9877
532,255.0001,271.4756,3.6847,194.1713
533,254.9999,258.6846,-29.0372,194.4238
534,284.0372,255.0000,-30.0000,194.6992
535,285.0000,255.0000,-30.0000,194.9745
536,285.0000,255.0000,-11.2482,195.1811
537,266.2482,255.0000,8.1187,195.3647
538,254.9999,263.1187,28.2843,195.5024
539,254.9999,283.2842,15.6289,195.6630
540,255.0000,270.6289,2.8761,195.8466
541,254.9999,257.8760,-29.2857,196.0991
542,284.2857,255.0000,-30.0000,196.3744
543,285.0000,255.0000,-30.0000,196.6498
544,285.0000,255.0000,-18.3350,196.8793
545,273.3350,255.0000,7.5179,197.0400
546,255.0001,262.5181,20.8143,197.2006
547,255.0001,275.8145,14.5962,197.3613
548,255.0000,269.5962,-4.6997,197.5678
549,259.6997,255.0000,-30.0000,197.7973
550,285.0000,255.0000,-30.0000,198.0497
551,285.0000,255.0000,0.8754,198.2333
552,255.0001,255.8755,20.5405,198.3940
553,255.0000,275.5405,21.2297,198.5546
554,255.0000,276.2297,1.9617,198.7612
555,255.0001,256.9619,-17.4493,199.0136
556,272.4492,255.0000,-30.0000,199.3119
557,285.0000,255.0000,-30.0000,199.5873
558,285.0000,255.0000,-12.4497,199.7939
559,267.4497,255.0000,13.4026,199.9775
560,255.0000,268.4026,26.3736,200.1381
561,254.9999,281.3735,21.3493,200.2758
562,255.0000,276.3494,-4.6997,200.4824
563,259.6997,255.0000,-24.7203,200.7118
564,279.7203,255.0000,-18.1446,200.9413
565,273.1445,255.0000,1.3480,201.1249
566,255.0001,256.3482,21.1804,201.2626
567,255.0000,276.1804,14.7530,201.4233
568,255.0000,269.7529,-10.8256,201.6298
569,265.8256,255.0000,-30.0000,201.8823
570,285.0000,255.0000,-30.0000,202.1118
571,285.0000,255.0000,1.1031,202.2953
572,254.9999,256.1030,14.4481,202.4560
573,255.0001,269.4483,14.6893,202.6166
574,255.0001,269.6895,-24.0111,202.8461
575,279.0111,255.0000,-30.0000,203.0986
576,285.0000,255.0000,-30.0000,203.3510
577,285.0000,255.0000,-5.9619,203.5346
578,260.9619,255.0000,13.7706,203.6952
579,255.0000,268.7705,27.2334,203.8329
580,255.0000,282.2334,27.8435,203.9706
581,255.0000,282.8435,-4.4702,204.1542
582,259.4702,255.0000,-30.0000,204.4067
583,285.0000,255.0000,-24.6290,204.6362
584,279.6290,255.0000,7.6950,204.8198
585,254.9999,262.6948,21.5829,204.9575
586,255.0001,276.5830,15.1039,205.1181
587,255.0001,270.1040,-4.2407,205.3017
588,259.2407,255.0000,-30.0000,205.5541
589,285.0000,255.0000,-30.0000,205.8066
590,285.0000,255.0000,1.3573,205.9902
591,255.0001,256.3574,14.7390,206.1508
592,255.0000,269.7390,8.3006,206.3115
593,255.0001,263.3008,-17.5605,206.5410
594,272.5604,255.0000,-30.0000,206.7934
595,285.0000,255.0000,-30.0000,207.0458
596,285.0000,255.0000,-5.8472,207.2294
597,260.8472,255.0000,13.9676,207.3901
598,255.0000,268.9675,27.2576,207.5278
599,255.0001,282.2578,27.8585,207.6655
600,254.9999,282.8584,-10.9293,207.8720
601,265.9293,255.0000,-24.3623,208.1015
602,279.3623,255.0000,-17.7723,208.3310
603,272.7723,255.0000,1.5100,208.5146
604,255.0000,256.5100,21.6381,208.6523
605,255.0001,276.6382,15.1645,208.8129
606,255.0001,270.1646,-10.7697,209.0195
607,265.7697,255.0000,-30.0000,209.2719
608,285.0000,255.0000,-24.4492,209.5014
609,279.4491,255.0000,-5.1587,209.7079
610,260.1587,255.0000,21.5130,209.8456
611,255.0000,276.5130,30.0000,209.9604
612,255.0000,285.0000,28.3922,210.0981
613,254.9999,283.3921,-3.4375,210.3046
614,258.4375,255.0000,-23.4413,210.5341
615,278.4413,255.0000,-16.8787,210.7636
616,271.8788,255.0000,2.5481,210.9472
617,255.0000,257.5481,22.7602,211.0849
618,255.0000,277.7603,22.8579,211.2226
619,255.0000,277.8579,-2.9785,211.4291
620,257.9785,255.0000,-30.0000,211.6816
621,285.0000,255.0000,-23.2357,211.9111
622,278.2357,255.0000,-3.8965,212.0947
623,258.8965,255.0000,23.0017,212.2553
624,255.0000,278.0017,30.0000,212.3701
625,255.0000,285.0000,30.0000,212.5077
626,255.0000,285.0000,4.3841,212.6913
627,255.0000,259.3840,-22.0699,212.9208
628,277.0700,255.0000,-30.0000,213.1962
629,285.0000,255.0000,-30.0000,213.4487
630,285.0000,255.0000,-3.6670,213.6552
631,258.6670,255.0000,9.7026,213.8159
632,255.0000,264.7026,30.0000,213.9535
633,255.0000,285.0000,29.3570,214.0912
634,254.9999,284.3569,-8.8134,214.2978
635,263.8134,255.0000,-22.0062,214.5273
636,277.0061,255.0000,-22.2744,214.7568
637,277.2744,255.0000,-2.9785,214.9633
638,257.9785,255.0000,29.8726,215.1010
639,255.0000,284.8726,30.0000,215.2158
640,255.0000,285.0000,30.0000,215.3535
641,255.0000,285.0000,5.6084,215.5370
642,255.0000,260.6084,-14.2789,215.7436
643,269.2789,255.0000,-30.0000,216.0190
644,285.0000,255.0000,-30.0000,216.2944
645,285.0000,255.0000,-8.9587,216.5009
646,263.9588,255.0000,17.1966,216.6616
647,255.0000,272.1965,30.0000,216.7993
648,255.0000,285.0000,25.1624,216.9369
649,255.0001,280.1626,5.5297,217.1205
650,255.0001,260.5298,-27.2522,217.3730
651,282.2522,255.0000,-30.0000,217.6484
652,285.0000,255.0000,-30.0000,217.9238
653,285.0000,255.0000,-9.3156,218.1303
654,264.3157,255.0000,10.2116,218.3139
655,255.0000,265.2117,30.0000,218.4516
656,255.0000,285.0000,30.0000,218.5893
657,255.0000,285.0000,-8.1379,218.7958
658,263.1380,255.0000,-21.3450,219.0253
659,276.3450,255.0000,-21.2094,219.2778
660,276.2095,255.0000,4.3314,219.4614
661,255.0001,259.3316,24.3846,219.5991
662,255.0001,279.3848,17.9076,219.7597
663,255.0001,272.9077,-7.8545,219.9662
664,262.8545,255.0000,-27.8844,220.2187
665,282.8844,255.0000,-27.8615,220.4711
666,282.8615,255.0000,-2.4048,220.6547
667,257.4048,255.0000,23.9709,220.8154
668,254.9999,278.9707,30.0000,220.9301
669,255.0000,285.0000,30.0000,221.0678
670,255.0000,285.0000,5.8812,221.2514
671,255.0001,260.8814,-20.5278,221.4809
672,275.5278,255.0000,-30.0000,221.7563
673,285.0000,255.0000,-30.0000,222.0087
674,285.0000,255.0000,-8.6052,222.2382
675,263.6052,255.0000,11.0122,222.3989
676,255.0000,266.0122,30.0000,222.5366
677,255.0000,285.0000,18.3223,222.6972
678,255.0000,273.3223,5.5261,222.8808
679,255.0000,260.5261,-27.2303,223.1332
680,282.2304,255.0000,-30.0000,223.4086
681,285.0000,255.0000,-30.0000,223.6840
682,285.0000,255.0000,-15.6158,223.9135
683,270.6157,255.0000,10.2571,224.0742
684,255.0000,265.2571,30.0000,224.2118
685,255.0000,285.0000,17.6121,224.3725
686,255.0000,272.6121,-1.7163,224.5790
687,256.7163,255.0000,-27.8026,224.8315
688,282.8026,255.0000,-21.9845,225.0610
689,276.9845,255.0000,-2.5195,225.2446
690,257.5195,255.0000,30.0000,225.3823
691,255.0000,285.0000,30.0000,225.4970
692,255.0000,285.0000,30.0000,225.6347
693,255.0000,285.0000,0.0000,225.8183
694,255.0000,255.0000,-30.0000,226.0478
695,285.0000,255.0000,-27.1010,226.3002
696,282.1011,255.0000,-13.7986,226.5756
697,268.7986,255.0000,11.6319,226.7592
698,255.0000,266.6318,30.0000,226.9199
699,255.0000,285.0000,0.0000,227.1035
700,255.0000,255.0000,0.0000,227.3100
701,255.0000,255.0000,-30.0000,227.5624
702,285.0000,255.0000,-13.5302,227.8378
703,268.5303,255.0000,-7.2334,228.1132
704,262.2334,255.0000,0.0000,228.3198
705,255.0000,255.0000,0.0000,228.4804
706,255.0000,255.0000,30.0000,228.6410
707,255.0000,285.0000,30.0000,228.8476
708,255.0000,285.0000,7.8046,229.1230
709,255.0000,262.8047,-11.1064,229.4213
710,266.1065,255.0000,-30.0000,229.7426
711,285.0000,255.0000,0.0000,230.0410
712,255.0000,255.0000,0.0000,230.2704
713,255.0000,255.0000,0.0000,230.4999
714,255.0000,255.0000,0.0000,230.7524
715,255.0000,255.0000,0.0000,231.0278
716,255.0000,255.0000,0.0000,231.3261
717,255.0000,255.0000,0.0000,231.6474
718,255.0000,255.0000,0.0000,231.9916
719,255.0000,255.0000,0.0000,232.3588
720,255.0000,255.0000,0.0000,232.7260
721,255.0000,255.0000,0.0000,233.0702
722,255.0000,255.0000,0.0000,233.4145
723,255.0000,255.0000,0.0000,233.8046
724,255.0000,255.0000,0.0000,234.2177
725,255.0000,255.0000,-30.0000,234.6308
726,285.0000,255.0000,5.2944,235.0209
727,255.0000,260.2944,-0.5599,235.4111
728,255.5599,255.0000,-0.5599,235.7553
729,255.5599,255.0000,-13.0388,236.1225
730,268.0388,255.0000,-0.7894,236.4667
731,255.7894,255.0000,-0.7894,236.8110
732,255.7894,255.0000,5.4304,237.1323
733,255.0000,260.4304,0.0000,237.4535
734,255.0000,255.0000,-30.0000,237.8207
735,285.0000,255.0000,-19.3295,238.1879
736,274.3295,255.0000,-7.2129,238.5322
737,262.2129,255.0000,11.4109,238.8076
738,255.0000,266.4109,0.0000,239.0141
739,255.0000,255.0000,0.0000,239.2206
740,255.0000,255.0000,30.0000,239.4501
741,255.0000,285.0000,13.1683,239.7255
742,255.0001,268.1685,-5.5449,240.0239
743,260.5449,255.0000,0.0000,240.3222
744,255.0000,255.0000,0.0000,240.6205
745,255.0000,255.0000,0.0000,240.8959
746,255.0000,255.0000,-30.0000,241.1943
747,285.0000,255.0000,-6.8464,241.5156
748,261.8464,255.0000,-0.6806,241.8139
749,255.6805,255.0000,0.0000,242.0434
750,255.0000,255.0000,0.0000,242.2729
751,255.0000,255.0000,30.0000,242.5253
752,255.0000,285.0000,19.8048,242.8007
753,254.9999,274.8047,-5.1014,243.1450
754,260.1015,255.0000,0.0000,243.4892
755,255.0000,255.0000,0.0000,243.8105
756,255.0000,255.0000,0.0000,244.0859
757,255.0000,255.0000,0.0000,244.4072
758,255.0000,255.0000,0.0000,244.7285
759,255.0000,255.0000,-30.0000,245.0727
760,285.0000,255.0000,-13.1128,245.4399
761,268.1128,255.0000,-0.7944,245.7841
762,255.7944,255.0000,0.0000,246.0366
763,255.0000,255.0000,0.0000,246.2890
764,255.0000,255.0000,30.0000,246.5644
765,255.0000,285.0000,19.5925,246.8627
766,255.0000,274.5925,-5.1589,247.2070
767,260.1589,255.0000,0.0000,247.5742
768,255.0000,255.0000,0.0000,247.8954
769,255.0000,255.0000,0.0000,248.1708
770,255.0000,255.0000,0.0000,248.4921
771,255.0000,255.0000,0.0000,248.8134
772,255.0000,255.0000,0.0000,249.1576
773,255.0000,255.0000,-30.0000,249.5248
774,285.0000,255.0000,0.0000,249.8461
775,255.0000,255.0000,0.0000,250.1904
776,255.0000,255.0000,0.0000,250.5117
777,255.0000,255.0000,0.0000,250.8559
778,255.0000,255.0000,0.0000,251.2001
779,255.0000,255.0000,0.0000,251.5214
780,255.0000,255.0000,0.0000,251.9116
781,255.0000,255.0000,0.0000,252.3017
782,255.0000,255.0000,0.0000,252.7148
783,255.0000,255.0000,0.0000,253.0590
784,255.0000,255.0000,0.0000,253.4951
785,255.0000,255.0000,0.0000,253.9081
786,255.0000,255.0000,0.0000,254.3442
787,255.0000,255.0000,0.0000,254.6884
788,255.0000,255.0000,0.0000,255.0785
789,255.0000,255.0000,0.0000,255.5146
790,255.0000,255.0000,0.0000,255.9506
791,255.0000,255.0000,0.0000,256.3867
792,255.0000,255.0000,-30.0000,256.8457
793,285.0000,255.0000,-12.7447,257.3046
794,267.7448,255.0000,5.0645,257.7177
795,255.0000,260.0645,0.0000,258.0390
796,255.0000,255.0000,0.0000,258.3374
797,255.0000,255.0000,0.0000,258.6357
798,255.0000,255.0000,0.0000,258.9799
799,255.0000,255.0000,0.0000,259.3242
800,255.0000,255.0000,0.0000,259.6914
801,255.0000,255.0000,0.0000,260.0815
802,255.0000,255.0000,0.0000,260.4716
803,255.0000,255.0000,0.0000,260.8618
804,255.0000,255.0000,0.0000,261.2749
805,255.0000,255.0000,-30.0000,261.6879
806,225.0000,255.0000,-12.6208,262.1240
807,242.3791,255.0000,-6.7875,262.5600
808,248.2125,255.0000,-6.8858,262.9960
809,248.1143,255.0000,4.9934,263.3862
810,255.0000,250.0066,5.1097,263.7763
811,255.0000,249.8903,5.2905,264.1665
812,255.0000,249.7095,0.0000,264.5107
813,255.0000,255.0000,-30.0000,264.9467
814,225.0000,255.0000,-12.6449,265.4057
815,242.3551,255.0000,-6.8427,265.8647
816,248.1573,255.0000,-7.1337,266.3007
817,247.8663,255.0000,-13.2405,266.7597
818,241.7595,255.0000,10.6756,267.1499
819,255.0000,244.3243,-13.2190,267.6088
820,241.7810,255.0000,4.5566,268.0219
821,255.0000,250.4435,10.8761,268.3891
822,255.0000,244.1239,-7.0155,268.8481
823,247.9845,255.0000,-7.2034,269.2841
824,247.7966,255.0000,-13.5171,269.7431
825,241.4829,255.0000,-7.4820,270.2021
826,247.5179,255.0000,-7.5459,270.6611
827,247.4541,255.0000,-13.9824,271.1201
828,241.0176,255.0000,4.0438,271.5332
829,255.0000,250.9563,-7.8444,271.9921
830,247.1555,255.0000,-14.1521,272.4511
831,240.8479,255.0000,3.7814,272.8642
832,255.0000,251.2186,16.0731,273.2314
833,255.0000,238.9269,-7.6890,273.6904
834,247.3110,255.0000,-1.8271,274.1035
835,253.1728,255.0000,-7.8566,274.5625
836,247.1434,255.0000,-14.1428,275.0214
837,240.8572,255.0000,-8.1675,275.4804
838,246.8325,255.0000,-2.2861,275.9165
839,252.7139,255.0000,3.7236,276.3295
840,255.0000,251.2764,-8.2969,276.7656
841,246.7031,255.0000,-2.2861,277.2016
842,252.7139,255.0000,-8.3125,277.6606
843,246.6875,255.0000,-8.4106,278.1196
844,246.5895,255.0000,3.4896,278.5327
845,255.0000,251.5104,3.6501,278.9458
846,255.0000,251.3500,-8.3019,279.4047
847,246.6981,255.0000,-14.6582,279.8637
848,240.3418,255.0000,-8.6295,280.3227
849,246.3705,255.0000,3.3058,280.7358
850,255.0000,251.6942,-8.5831,281.1948
851,246.4169,255.0000,-14.9679,281.6538
852,240.0321,255.0000,2.9092,282.0898
853,255.0000,252.0908,3.1378,282.5029
854,255.0000,251.8622,-14.9616,282.9619
855,240.0383,255.0000,2.9916,283.3750
856,255.0000,252.0084,3.2111,283.7880
857,255.0000,251.7889,-8.7579,284.2470
858,246.2422,255.0000,-15.0952,284.7060
859,239.9048,255.0000,-14.9919,285.1879
860,240.0082,255.0000,-9.3636,285.6469
861,245.6365,255.0000,2.5838,286.0600
862,255.0000,252.4163,-9.3316,286.5190
863,245.6685,255.0000,-3.4336,286.9321
864,251.5664,255.0000,-9.5153,287.3911
865,245.4846,255.0000,-9.6115,287.8500
866,245.3884,255.0000,2.3301,288.2631
867,255.0000,252.6699,2.5134,288.6762
868,255.0000,252.4866,-15.6345,289.1352
869,239.3655,255.0000,-9.7340,289.5942
870,245.2660,255.0000,-9.8012,290.0532
871,245.1988,255.0000,14.2694,290.4204
872,255.0000,240.7306,-15.6809,290.8793
873,239.3191,255.0000,-9.7574,291.3383
874,245.2425,255.0000,14.1321,291.7055
875,255.0000,240.8678,-3.5483,292.1416
876,251.4517,255.0000,-3.5483,292.5546
877,251.4517,255.0000,-9.7182,292.9907
878,245.2817,255.0000,-15.6073,293.4726
879,239.3927,255.0000,-3.8925,293.8857
880,251.1074,255.0000,8.4187,294.2529
881,255.0000,246.5813,2.3726,294.6660
882,255.0000,252.6274,-3.5483,295.0791
883,251.4517,255.0000,2.4842,295.4921
884,255.0000,252.5157,-3.4336,295.9052
885,251.5664,255.0000,14.6778,296.2724
886,255.0000,240.3221,-3.0893,296.7084
887,251.9106,255.0000,-15.3530,297.1674
888,239.6470,255.0000,-15.1652,297.6494
889,239.8348,255.0000,-9.5763,298.1083
890,245.4237,255.0000,-9.6910,298.5673
891,245.3090,255.0000,-3.7778,299.0034
892,251.2222,255.0000,-9.7982,299.4624
893,245.2019,255.0000,-9.8782,299.9213
894,245.1218,255.0000,-10.0813,300.3803
895,244.9187,255.0000,-10.1182,300.8393
896,244.8818,255.0000,13.8746,301.2065
897,255.0000,241.1254,-9.8736,301.6655
898,245.1263,255.0000,-10.0414,302.1245
899,244.9586,255.0000,-4.1220,302.5605
900,250.8779,255.0000,-10.1378,303.0195
901,244.8622,255.0000,1.7533,303.4326
902,255.0000,253.2467,-10.1592,303.8916
903,244.8408,255.0000,-10.2617,304.3505
904,244.7383,255.0000,1.6552,304.7636
905,255.0000,253.3448,-16.1601,305.2456
906,238.8398,255.0000,13.4546,305.6127
907,255.0000,241.5454,1.9412,306.0258
908,255.0000,253.0588,-9.9899,306.4848
909,245.0101,255.0000,-16.0543,306.9667
910,238.9457,255.0000,-16.5120,307.4257
911,238.4880,255.0000,-10.4345,307.8847
912,244.5655,255.0000,1.2899,308.3208
913,255.0000,253.7102,-10.5576,308.7797
914,244.4424,255.0000,1.3337,309.1928
915,255.0000,253.6663,-10.6014,309.6518
916,244.3987,255.0000,13.3699,310.0190
917,255.0000,241.6301,-10.3658,310.4780
918,244.6342,255.0000,1.5389,310.8911
919,255.0000,253.4611,-10.3567,311.3500
920,244.6433,255.0000,-16.3510,311.8320
921,238.6489,255.0000,-10.6889,312.2910
922,244.3112,255.0000,-10.7662,312.7500
923,244.2338,255.0000,1.0694,313.1630
924,255.0000,253.9307,-10.7961,313.6220
925,244.2039,255.0000,-10.8899,314.0810
926,244.1101,255.0000,6.7654,314.4941
927,255.0000,248.2346,-10.8278,314.9531
928,244.1721,255.0000,-10.9079,315.4121
929,244.0922,255.0000,-16.9277,315.8940
930,238.0723,255.0000,0.7493,316.3071
931,255.0000,254.2506,-5.1547,316.7431
932,249.8452,255.0000,-11.2057,317.2021
933,243.7943,255.0000,-11.2762,317.6611
934,243.7238,255.0000,0.6255,318.0742
935,255.0000,254.3745,-11.2838,318.5332
936,243.7162,255.0000,0.6407,318.9462
937,255.0000,254.3594,6.9345,319.3364
938,255.0000,248.0654,-16.9070,319.8183
939,238.0930,255.0000,6.9158,320.2084
940,255.0000,248.0842,-16.9307,320.6904
941,238.0693,255.0000,0.7206,321.1035
942,255.0000,254.2794,0.8977,321.5166
943,255.0000,254.1023,-11.0467,321.9755
944,243.9532,255.0000,0.8702,322.3886
945,255.0000,254.1299,-5.0400,322.8247
946,249.9600,255.0000,-11.0680,323.2836
947,243.9320,255.0000,0.8916,323.6967
948,255.0000,254.1084,0.9758,324.1098
949,255.0000,254.0242,-17.1795,324.5688
950,237.8206,255.0000,-11.0226,325.0507
951,243.9774,255.0000,-5.2695,325.4638
952,249.7305,255.0000,-5.2695,325.9228
953,249.7305,255.0000,-17.4767,326.3818
954,237.5233,255.0000,0.3862,326.8178
955,255.0000,254.6138,-11.4031,327.2768
956,243.5969,255.0000,0.4972,327.6899
957,255.0000,254.5028,-11.2392,328.1718
958,243.7609,255.0000,0.5214,328.5849
959,255.0000,254.4786,-11.3804,329.0439
960,243.6196,255.0000,0.5183,329.4570
961,255.0000,254.4817,0.6346,329.8701
962,255.0000,254.3654,-17.2497,330.3520
963,237.7502,255.0000,-11.5072,330.8110
964,243.4928,255.0000,-11.5576,331.2700
965,243.4424,255.0000,-17.7783,331.7519
966,237.2217,255.0000,-0.0465,332.1650
967,254.9535,255.0000,-5.8432,332.6240
968,249.1567,255.0000,-11.8621,333.0830
969,243.1379,255.0000,-11.9376,333.5419
970,243.0624,255.0000,-6.0727,333.9780
971,248.9272,255.0000,-14.3332,334.4453
972,240.6667,255.0000,2.0001,334.8500
973,255.0000,252.9999,-6.0727,335.2861
974,248.9272,255.0000,-12.1206,335.7451
975,242.8794,255.0000,-0.1457,336.1582
976,254.8542,255.0000,-18.0289,336.6401
977,236.9711,255.0000,-0.3375,337.0532
978,254.6625,255.0000,-12.2170,337.5122
979,242.7831,255.0000,-12.1557,337.9941
980,242.8444,255.0000,-12.3996,338.4531
981,242.6005,255.0000,-0.5204,338.8662
982,254.4796,255.0000,-12.2906,339.3481
983,242.7093,255.0000,-0.4823,339.7612
984,254.5177,255.0000,-0.3645,340.1743
985,254.6355,255.0000,-12.3593,340.6333
986,242.6407,255.0000,-0.4523,341.0463
987,254.5477,255.0000,-0.3746,341.4594
988,254.6254,255.0000,11.8827,341.8496
989,255.0000,243.1173,12.2727,342.2167
990,255.0000,242.7273,-17.4313,342.6987
991,237.5687,255.0000,-17.6370,343.1806
992,237.3630,255.0000,0.0822,343.5937
993,255.0000,254.9177,-5.8432,344.0297
994,249.1567,255.0000,-12.0550,344.4658
995,242.9449,255.0000,-11.8374,344.9477
996,243.1626,255.0000,-6.0727,345.3608
997,248.9272,255.0000,-6.0727,345.8198
998,248.9272,255.0000,11.9474,346.1870
999,255.0000,243.0526,-11.7794,346.6459
1000,243.2206,255.0000,-11.8484,347.1049
1001,243.1516,255.0000,-17.9082,347.5869
1002,237.0918,255.0000,-0.1928,348.0000
1003,254.8071,255.0000,-12.1313,348.4589
1004,242.8686,255.0000,-6.1875,348.9179
1005,248.8125,255.0000,-0.1595,349.3310
1006,254.8404,255.0000,-0.0705,349.7441
1007,254.9294,255.0000,-11.9997,350.2031
1008,243.0004,255.0000,-0.1244,350.6162
1009,254.8756,255.0000,-11.8680,351.0981
1010,243.1321,255.0000,-0.0554,351.5112
1011,254.9446,255.0000,-12.0166,351.9702
1012,242.9834,255.0000,12.1262,352.3374
1013,255.0000,242.8738,-11.7534,352.7963
1014,243.2466,255.0000,-17.8567,353.2783
1015,237.1433,255.0000,12.0066,353.6455
1016,255.0000,242.9934,-11.7216,354.1044
1017,243.2784,255.0000,0.1349,354.5175
1018,255.0000,254.8651,-11.7871,354.9765
1019,243.2129,255.0000,-17.7191,355.4584
1020,237.2809,255.0000,5.7444,355.8715
1021,255.0000,249.2556,-17.7666,356.3305
1022,237.2334,255.0000,-12.0210,356.8125
1023,242.9790,255.0000,-0.1625,357.2255
1024,254.8374,255.0000,-6.0727,357.6845
1025,248.9272,255.0000,-6.0727,358.1206
1026,248.9272,255.0000,-12.0840,358.5795
1027,242.9160,255.0000,-12.1506,359.0385
1028,242.8494,255.0000,-0.2574,359.4516
1029,254.7425,255.0000,-12.0481,359.9335
1030,242.9519,255.0000,-6.3022,360.3925
1031,248.6977,255.0000,-6.3022,360.8286
1032,248.6977,255.0000,-12.3623,361.2875
1033,242.6377,255.0000,-0.3752,361.7006
1034,254.6248,255.0000,11.4190,362.0678
1035,255.0000,243.5809,-5.9580,362.5268
1036,249.0420,255.0000,5.9833,362.9169
1037,255.0000,249.0167,-11.7352,363.3759
1038,243.2648,255.0000,-17.7102,363.8579
1039,237.2898,255.0000,-11.9363,364.3398
1040,243.0637,255.0000,-0.1717,364.7529
1041,254.8284,255.0000,-12.1236,365.2119
1042,242.8763,255.0000,-0.2153,365.6250
1043,254.7847,255.0000,-12.1037,366.0839
1044,242.8962,255.0000,-0.2628,366.5200
1045,254.7372,255.0000,-12.0583,366.9790
1046,242.9416,255.0000,-12.2630,367.4379
1047,242.7369,255.0000,-12.2387,367.8969
1048,242.7613,255.0000,5.5753,368.2871
1049,255.0000,249.4247,-6.1875,368.7460
1050,248.8125,255.0000,-12.2185,369.2050
1051,242.7815,255.0000,-12.3562,369.6640
1052,242.6438,255.0000,-0.4418,370.0771
1053,254.5581,255.0000,-18.4071,370.5590
1054,236.5929,255.0000,-0.6305,370.9721
1055,254.3695,255.0000,-6.4170,371.4311
1056,248.5830,255.0000,-12.4894,371.8901
1057,242.5105,255.0000,-0.4808,372.3032
1058,254.5192,255.0000,-0.4328,372.7163
1059,254.5671,255.0000,-12.3226,373.1752
1060,242.6775,255.0000,-12.2719,373.6572
1061,242.7281,255.0000,-12.5188,374.1162
1062,242.4812,255.0000,-12.5086,374.5981
1063,242.4915,255.0000,-12.7095,375.0571
1064,242.2905,255.0000,10.7798,375.4472
1065,255.0000,244.2202,17.0034,375.8144
1066,255.0000,237.9966,12.0158,376.1816
1067,255.0000,242.9842,-11.6738,376.6406
1068,243.3262,255.0000,-17.8024,377.1225
1069,237.1975,255.0000,-17.9015,377.6044
1070,237.0985,255.0000,-12.2609,378.0634
1071,242.7391,255.0000,-0.3981,378.4765
1072,254.6019,255.0000,-12.2788,378.9355
1073,242.7212,255.0000,-6.4170,379.3715
1074,248.5830,255.0000,-6.4170,379.8305
1075,248.5830,255.0000,-0.4208,380.2436
1076,254.5792,255.0000,-12.3195,380.7026
1077,242.6804,255.0000,-0.3951,381.1157
1078,254.6050,255.0000,-18.2734,381.5976
1079,236.7266,255.0000,-0.5250,382.0107
1080,254.4750,255.0000,-0.3996,382.4238
1081,254.6003,255.0000,-6.3022,382.8828
1082,248.6977,255.0000,-18.2885,383.3417
1083,236.7115,255.0000,-12.5475,383.8237
1084,242.4525,255.0000,-12.7158,384.2827
1085,242.2842,255.0000,11.1866,384.6499
1086,255.0000,243.8134,-0.5491,385.0859
1087,254.4509,255.0000,-0.2788,385.4990
1088,254.7212,255.0000,-12.2017,385.9580
1089,242.7982,255.0000,-12.3516,386.4169
1090,242.6484,255.0000,-6.4170,386.8530
1091,248.5830,255.0000,-12.4373,387.3120
1092,242.5627,255.0000,-0.5581,387.7250
1093,254.4419,255.0000,-12.3284,388.2070
1094,242.6716,255.0000,11.5568,388.5742
1095,255.0000,243.4432,-12.1761,389.0332
1096,242.8240,255.0000,-18.2915,389.5151
1097,236.7085,255.0000,-6.5317,389.9741
1098,248.4683,255.0000,-12.5704,390.4331
1099,242.4297,255.0000,-12.6456,390.8920
1100,242.3544,255.0000,-12.8152,391.3510
1101,242.1848,255.0000,-12.9177,391.8100
1102,242.0824,255.0000,-13.0477,392.2690
1103,241.9523,255.0000,10.8604,392.6362
1104,255.0000,244.1395,-12.6118,393.1181
1105,242.3882,255.0000,-12.8933,393.5771
1106,242.1067,255.0000,-1.0527,393.9902
1107,253.9473,255.0000,-12.7294,394.4721
1108,242.2706,255.0000,-1.0379,394.8852
1109,253.9620,255.0000,-6.8759,395.3442
1110,248.1240,255.0000,-12.9009,395.8032
1111,242.0991,255.0000,4.9297,396.1933
1112,255.0000,250.0703,-12.8399,396.6523
1113,242.1602,255.0000,-0.9247,397.0654
1114,254.0753,255.0000,-12.6450,397.5473
1115,242.3550,255.0000,-12.8154,398.0063
1116,242.1847,255.0000,-12.8716,398.4882
1117,242.1284,255.0000,-13.1076,398.9472
1118,241.8923,255.0000,-13.0366,399.4291
1119,241.9634,255.0000,-1.3463,399.8422
1120,253.6537,255.0000,-7.2202,400.3012
1121,247.7798,255.0000,-13.2711,400.7602
1122,241.7289,255.0000,-13.2921,401.2192
1123,241.7079,255.0000,-1.5673,401.6552
1124,253.4326,255.0000,16.8442,401.9995
1125,255.0000,238.1558,11.2722,402.3666
1126,255.0000,243.7278,-12.4534,402.8486
1127,242.5465,255.0000,-18.7452,403.3076
1128,236.2548,255.0000,-12.7743,403.7895
1129,242.2257,255.0000,-6.9907,404.2255
1130,248.0093,255.0000,-0.9367,404.6386
1131,254.0634,255.0000,-12.8317,405.0976
1132,242.1683,255.0000,-0.9976,405.5107
1133,254.0024,255.0000,-12.7889,405.9697
1134,242.2112,255.0000,-1.0111,406.4057
1135,253.9889,255.0000,-12.8842,406.8647
1136,242.1158,255.0000,-12.8803,407.3237
1137,242.1197,255.0000,-13.1610,407.8056
1138,241.8390,255.0000,-1.2089,408.2187
1139,253.7911,255.0000,-13.1950,408.6777
1140,241.8050,255.0000,-13.1685,409.1367
1141,241.8315,255.0000,-13.2449,409.6186
1142,241.7551,255.0000,-1.4850,410.0317
1143,253.5150,255.0000,4.6123,410.4448
1144,255.0000,250.3877,-1.0530,410.8579
1145,253.9470,255.0000,-12.9808,411.3168
1146,242.0192,255.0000,-7.1054,411.7529
1147,247.8945,255.0000,4.7675,412.1660
1148,255.0000,250.2325,-18.8112,412.6479
1149,236.1887,255.0000,-1.1243,413.0610
1150,253.8757,255.0000,-12.8934,413.5429
1151,242.1066,255.0000,-1.0484,413.9560
1152,253.9517,255.0000,-13.0293,414.4150
1153,241.9707,255.0000,-1.0360,414.8281
1154,253.9640,255.0000,-13.0694,415.2871
1155,241.9307,255.0000,-1.0143,415.7001
1156,253.9857,255.0000,-13.0570,416.1591
1157,241.9430,255.0000,-13.1888,416.6181
1158,241.8113,255.0000,-19.0607,417.1000
1159,235.9393,255.0000,4.4737,417.5131
1160,255.0000,250.5264,10.9741,417.8803
1161,255.0000,244.0259,-12.8436,418.3393
1162,242.1564,255.0000,10.7130,418.7294
1163,255.0000,244.2870,-12.6037,419.1884
1164,242.3964,255.0000,-0.7816,419.6015
1165,254.2184,255.0000,-18.4899,420.0834
1166,236.5101,255.0000,-6.8759,420.5424
1167,248.1240,255.0000,-6.8759,420.9555
1168,248.1240,255.0000,-12.8346,421.4375
1169,242.1654,255.0000,-0.9673,421.8505
1170,254.0327,255.0000,-6.8759,422.3095
1171,248.1240,255.0000,-18.7993,422.7915
1172,236.2007,255.0000,-13.0463,423.2504
1173,241.9536,255.0000,-7.2202,423.7094
1174,247.7798,255.0000,-19.3281,424.1914
1175,235.6719,255.0000,-13.3935,424.6503
1176,241.6064,255.0000,-7.5644,425.1093
1177,247.4355,255.0000,-13.6323,425.5683
1178,241.3677,255.0000,-13.5141,426.0502
1179,241.4860,255.0000,-7.7939,426.4863
1180,247.2061,255.0000,9.8967,426.8535
1181,255.0000,245.1033,-13.4218,427.3354
1182,241.5782,255.0000,-1.7338,427.7714
1183,253.2662,255.0000,-1.4445,428.1845
1184,253.5555,255.0000,-13.3675,428.6435
1185,241.6326,255.0000,-13.4293,429.1025
1186,241.5707,255.0000,-13.4337,429.5844
1187,241.5663,255.0000,-13.7193,430.0434
1188,241.2806,255.0000,-13.6402,430.5024
1189,241.3597,255.0000,-13.9018,430.9843
1190,241.0983,255.0000,-13.9851,431.4433
1191,241.0149,255.0000,-8.1381,431.9023
1192,246.8618,255.0000,22.1318,432.2236
1193,255.0000,232.8682,-13.5772,432.6826
1194,241.4228,255.0000,-13.5169,433.1645
1195,241.4832,255.0000,-13.7363,433.6235
1196,241.2637,255.0000,-1.9095,434.0366
1197,253.0904,255.0000,-13.6575,434.5185
1198,241.3425,255.0000,-1.9290,434.9316
1199,253.0709,255.0000,-1.8173,435.3447
1200,256.8173,255.0000,-13.5398,435.8266
1201,268.5398,255.0000,3.9679,436.2397
1202,254.9999,258.9678,22.9770,436.5610
1203,255.0001,277.9771,23.9552,436.8364
1204,254.9999,278.9551,-12.6223,437.1577
1205,267.6223,255.0000,-30.0000,437.5249
1206,285.0000,255.0000,-30.0000,437.8461
1207,285.0000,255.0000,5.0969,438.0756
1208,255.0000,260.0969,18.3846,438.2822
1209,255.0001,273.3848,5.6985,438.5117
1210,255.0000,260.6985,-13.2239,438.7412
1211,268.2240,255.0000,-30.0000,439.0395
1212,285.0000,255.0000,-30.0000,439.3149
1213,285.0000,255.0000,-7.9087,439.5214
1214,262.9087,255.0000,11.7152,439.7050
1215,255.0001,266.7153,30.0000,439.8427
1216,255.0000,285.0000,26.2130,439.9804
1217,254.9999,281.2129,-6.3022,440.1870
1218,261.3023,255.0000,-25.7761,440.4394
1219,280.7761,255.0000,-30.0000,440.6918
1220,285.0000,255.0000,-0.7084,440.8984
1221,255.7084,255.0000,25.3863,441.0361
1222,255.0000,280.3862,20.0468,441.2197
1223,255.0001,275.0469,7.1174,441.4262
1224,255.0000,262.1174,-18.7146,441.6787
1225,273.7146,255.0000,-30.0000,441.9770
1226,285.0000,255.0000,-30.0000,442.2524
1227,285.0000,255.0000,-7.2202,442.4589
1228,262.2202,255.0000,12.0279,442.6425
1229,255.0000,267.0278,30.0000,442.8032
1230,255.0000,285.0000,26.9568,442.9409
1231,255.0000,281.9568,-5.6137,443.1474
1232,260.6138,255.0000,-25.0611,443.3999
1233,280.0610,255.0000,-18.9441,443.6293
1234,273.9441,255.0000,-6.1875,443.8359
1235,261.1875,255.0000,26.6093,443.9736
1236,255.0001,281.6094,30.0000,444.1113
1237,255.0000,285.0000,30.0000,444.2260
1238,255.0000,285.0000,8.9858,444.4096
1239,255.0000,263.9859,-23.1666,444.6621
1240,278.1666,255.0000,-30.0000,444.9375
1241,285.0000,255.0000,-30.0000,445.1899
1242,285.0000,255.0000,-5.4990,445.3964
1243,260.4990,255.0000,7.4943,445.5800
1244,254.9999,262.4942,30.0000,445.7177
1245,255.0000,285.0000,28.0089,445.8554
1246,254.9999,283.0088,-10.5396,446.0620
1247,265.5396,255.0000,-23.2925,446.3144
1248,278.2925,255.0000,-24.0202,446.5439
1249,279.0203,255.0000,1.6333,446.7275
1250,255.0000,256.6333,21.6069,446.8881
1251,255.0000,276.6069,21.5665,447.0488
1252,255.0000,276.5664,-10.2374,447.2553
1253,265.2373,255.0000,-30.0000,447.5307
1254,285.0000,255.0000,-30.0000,447.7832
1255,285.0000,255.0000,1.5649,447.9667
1256,255.0000,256.5650,15.0449,448.1274
1257,255.0000,270.0449,14.8557,448.2880
1258,255.0000,269.8557,-17.4246,448.5175
1259,272.4246,255.0000,-30.0000,448.7700
1260,285.0000,255.0000,-30.0000,449.0454
1261,285.0000,255.0000,-5.6137,449.2290
1262,260.6138,255.0000,13.4748,449.4125
1263,254.9999,268.4746,30.0000,449.5273
1264,255.0000,285.0000,30.0000,449.6650
1265,255.0000,285.0000,-10.4519,449.8715
1266,265.4519,255.0000,-16.9159,450.1010
1267,271.9159,255.0000,-29.9981,450.3535
1268,284.9981,255.0000,8.3402,450.5371
1269,255.0001,263.3403,28.0969,450.6748
1270,255.0000,283.0969,15.7206,450.8354
1271,255.0001,270.7207,-16.3596,451.0649
1272,271.3596,255.0000,-29.5112,451.3173
1273,284.5112,255.0000,-30.0000,451.5698
1274,285.0000,255.0000,1.8491,451.7534
1275,255.0000,256.8491,21.2502,451.9140
1276,255.0000,276.2503,8.9462,452.0976
1277,255.0001,263.9463,-17.2172,452.3041
1278,272.2172,255.0000,-30.0000,452.5795
1279,285.0000,255.0000,-30.0000,452.8320
1280,285.0000,255.0000,-5.2695,453.0385
1281,260.2695,255.0000,14.4085,453.1992
1282,255.0001,269.4087,30.0000,453.3139
1283,255.0000,285.0000,21.5697,453.4746
1284,255.0001,276.5698,2.8837,453.6582
1285,255.0001,257.8838,-29.7135,453.9106
1286,284.7135,255.0000,-30.0000,454.1860
1287,285.0000,255.0000,-30.0000,454.4614
1288,285.0000,255.0000,-11.9219,454.6679
1289,266.9220,255.0000,7.5692,454.8515
1290,255.0001,262.5693,27.5272,454.9892
1291,255.0001,282.5274,21.0865,455.1499
1292,254.9999,276.0864,-4.2368,455.3564
1293,259.2368,255.0000,-30.0000,455.6088
1294,285.0000,255.0000,-24.2712,455.8383
1295,279.2713,255.0000,-5.0400,456.0449
1296,260.0401,255.0000,27.8111,456.1826
1297,254.9999,282.8110,30.0000,456.3203
1298,255.0000,285.0000,30.0000,456.4350
1299,255.0000,285.0000,3.4628,456.6186
1300,255.0001,258.4629,-16.1150,456.8481
1301,271.1150,255.0000,-30.0000,457.1005
1302,285.0000,255.0000,-30.0000,457.3759
1303,285.0000,255.0000,-10.9293,457.6054
1304,265.9293,255.0000,14.9944,457.7661
1305,255.0000,269.9944,30.0000,457.9038
1306,255.0000,285.0000,22.3181,458.0644
1307,255.0000,277.3181,-9.7145,458.2709
1308,264.7145,255.0000,-22.3079,458.5234
1309,277.3079,255.0000,-23.0702,458.7529
1310,278.0702,255.0000,2.3980,458.9594
1311,255.0000,257.3980,28.6787,459.0971
1312,255.0000,283.6787,16.3929,459.2578
1313,255.0000,271.3928,-9.1972,459.4873
1314,264.1973,255.0000,-30.0000,459.7397
1315,285.0000,255.0000,-29.5703,459.9921
1316,284.5703,255.0000,2.6142,460.1757
1317,255.0001,257.6143,15.7584,460.3364
1318,254.9999,270.7583,15.3934,460.5200
1319,255.0000,270.3933,-9.7149,460.7265
1320,264.7150,255.0000,-30.0000,460.9790
1321,285.0000,255.0000,-30.0000,461.2314
1322,285.0000,255.0000,-4.4663,461.4379
1323,259.4663,255.0000,15.1955,461.5986
1324,254.9999,270.1953,30.0000,461.7363
1325,255.0000,285.0000,30.0000,461.8510
1326,255.0000,285.0000,-2.7451,462.0576
1327,257.7451,255.0000,-22.4721,462.2871
1328,277.4721,255.0000,-22.5792,462.5166
1329,277.5792,255.0000,9.4054,462.7001
1330,254.9999,264.4053,22.6553,462.8608
1331,255.0000,277.6553,16.6021,463.0214
1332,255.0000,271.6021,-2.4008,463.2280
1333,257.4009,255.0000,-30.0000,463.4804
1334,285.0000,255.0000,-22.5500,463.7099
1335,277.5501,255.0000,-3.3188,463.9165
1336,258.3189,255.0000,22.9476,464.0541
1337,255.0000,277.9475,30.0000,464.1918
1338,255.0000,285.0000,30.0000,464.3295
1339,255.0000,285.0000,5.0638,464.5131
1340,255.0001,260.0640,-21.0625,464.7426
1341,276.0625,255.0000,-30.0000,465.0410
1342,285.0000,255.0000,-30.0000,465.2934
1343,285.0000,255.0000,-3.0893,465.5000
1344,258.0894,255.0000,10.0548,465.6835
1345,254.9999,265.0547,29.8197,465.8212
1346,255.0001,284.8198,30.0000,465.9589
1347,255.0000,285.0000,4.8379,466.1425
1348,255.0000,259.8379,-27.8133,466.3950
1349,282.8134,255.0000,-30.0000,466.6704
1350,285.0000,255.0000,-30.0000,466.9458
1351,285.0000,255.0000,-16.3527,467.1752
1352,271.3527,255.0000,15.9070,467.3359
1353,255.0000,270.9070,28.6149,467.4965
1354,254.9999,283.6148,30.0000,467.6342
1355,255.0000,285.0000,-2.1713,467.8408
1356,257.1714,255.0000,-28.4015,468.0932
1357,283.4015,255.0000,-28.3568,468.3457
1358,283.3568,255.0000,9.8756,468.5292
1359,254.9999,264.8755,22.8319,468.6899
1360,255.0001,277.8320,23.6568,468.8276
1361,254.9999,278.6567,-8.3217,469.0571
1362,263.3218,255.0000,-30.0000,469.3095
1363,285.0000,255.0000,-28.4967,469.5620
1364,283.4967,255.0000,3.4322,469.7456
1365,254.9999,258.4321,23.2556,469.9062
1366,255.0000,278.2556,17.1029,470.0668
1367,255.0001,272.1030,-15.0695,470.2963
1368,270.0695,255.0000,-28.4157,470.5488
1369,283.4158,255.0000,-28.6351,470.8012
1370,283.6351,255.0000,-9.8332,471.0078
1371,264.8333,255.0000,22.7029,471.1684
1372,255.0000,277.7029,30.0000,471.3061
1373,255.0000,285.0000,30.0000,471.4438
1374,255.0000,285.0000,4.8199,471.6274
1375,254.9999,259.8198,-27.8858,471.8798
1376,282.8858,255.0000,-30.0000,472.1552
1377,285.0000,255.0000,-30.0000,472.4306
1378,285.0000,255.0000,-9.8547,472.6372
1379,264.8547,255.0000,9.6815,472.8208
1380,255.0001,264.6817,30.0000,472.9584
1381,255.0000,285.0000,23.8967,473.0961
1382,255.0000,278.8967,-2.0566,473.3027
1383,257.0567,255.0000,-28.3448,473.5551
1384,283.3447,255.0000,-15.2754,473.7846
1385,270.2754,255.0000,-2.7451,473.9912
1386,257.7451,255.0000,29.9704,474.1289
1387,255.0000,284.9705,30.0000,474.2436
1388,255.0000,285.0000,30.0000,474.3813
1389,255.0000,285.0000,12.0898,474.5649
1390,255.0001,267.0899,-20.1780,474.7944
1391,275.1780,255.0000,-30.0000,475.0698
1392,285.0000,255.0000,-27.1789,475.3222
1393,282.1790,255.0000,-8.5285,475.5517
1394,263.5285,255.0000,17.4202,475.7124
1395,255.0000,272.4202,30.0000,475.8500
1396,255.0000,285.0000,30.0000,475.9877
1397,255.0000,285.0000,-0.5649,476.1943
1398,255.5649,255.0000,-26.5159,476.4467
1399,281.5160,255.0000,-26.6603,476.7221
1400,281.6603,255.0000,-14.5010,476.9746
1401,269.5010,255.0000,11.0543,477.1811
1402,255.0000,266.0542,30.0000,477.3417
1403,255.0000,285.0000,18.5170,477.5253
1404,255.0000,273.5171,-0.5649,477.7548
1405,255.5649,255.0000,-26.8313,478.0073
1406,281.8313,255.0000,-30.0000,478.3056
1407,285.0000,255.0000,-14.4756,478.5810
1408,269.4756,255.0000,4.4023,478.8105
1409,255.0000,259.4024,30.0000,478.9711
1410,255.0000,285.0000,18.1834,479.1547
1411,255.0000,273.1834,-7.3757,479.3842
1412,262.3757,255.0000,-26.7992,479.6596
1413,281.7992,255.0000,-27.5620,479.9121
1414,282.5620,255.0000,4.4329,480.1186
1415,255.0000,259.4329,24.2878,480.2792
1416,255.0000,279.2879,18.4136,480.4399
1417,255.0000,273.4136,-13.7871,480.6694
1418,268.7871,255.0000,-27.0987,480.9218
1419,282.0986,255.0000,-27.5436,481.1743
1420,282.5436,255.0000,-2.1713,481.3808
1421,257.1714,255.0000,23.8935,481.5415
1422,255.0001,278.8936,30.0000,481.6791
1423,255.0000,285.0000,0.0000,481.7939
1424,255.0000,255.0000,0.0000,482.0004
1425,255.0000,255.0000,0.0000,482.2070
1426,255.0000,255.0000,-30.0000,482.4824
1427,285.0000,255.0000,-7.0297,482.7578
1428,262.0298,255.0000,-0.6796,483.0332
1429,255.6797,255.0000,0.0000,483.2397
1430,255.0000,255.0000,0.0000,483.4462
1431,255.0000,255.0000,30.0000,483.6757
1432,255.0000,285.0000,19.6428,483.9511
1433,255.0000,274.6428,-5.0958,484.2724
1434,260.0958,255.0000,-24.0331,484.6166
1435,279.0331,255.0000,0.0000,484.9379
1436,255.0000,255.0000,0.0000,485.1674
1437,255.0000,255.0000,30.0000,485.3969
1438,255.0000,285.0000,19.3832,485.6494
1439,255.0001,274.3833,-11.7098,485.9707
1440,266.7098,255.0000,0.0000,486.2919
1441,255.0000,255.0000,0.0000,486.5903
1442,255.0000,255.0000,0.0000,486.8657
1443,255.0000,255.0000,-30.0000,487.1640
1444,285.0000,255.0000,-12.8461,487.5083
1445,267.8462,255.0000,0.0000,487.7607
1446,255.0000,255.0000,0.0000,487.9902
1447,255.0000,255.0000,30.0000,488.2197
1448,255.0000,285.0000,26.0187,488.4721
1449,254.9999,281.0186,7.3008,488.7705
1450,255.0000,262.3008,-23.8922,489.1147
1451,278.8922,255.0000,0.0000,489.4589
1452,255.0000,255.0000,-30.0000,489.7802
1453,285.0000,255.0000,-26.1094,490.1015
1454,281.1094,255.0000,-7.5483,490.3769
1455,262.5484,255.0000,17.9751,490.6064
1456,255.0000,272.9751,0.0000,490.7900
1457,255.0000,255.0000,0.0000,490.9736
1458,255.0000,255.0000,30.0000,491.1801
1459,255.0000,285.0000,7.0594,491.4326
1460,255.0000,262.0593,-5.5746,491.7309
1461,260.5746,255.0000,0.0000,492.0751
1462,255.0000,255.0000,-30.0000,492.3735
1463,285.0000,255.0000,-13.3431,492.6489
1464,268.3430,255.0000,5.5216,492.9013
1465,254.9999,260.5215,0.0000,493.1079
1466,255.0000,255.0000,0.0000,493.2915
1467,255.0000,255.0000,0.0000,493.5209
1468,255.0000,255.0000,0.0000,493.7963
1469,255.0000,255.0000,0.0000,494.0947
1470,255.0000,255.0000,0.0000,494.3930
1471,255.0000,255.0000,0.0000,494.7373
1472,255.0000,255.0000,0.0000,495.0815
1473,255.0000,255.0000,0.0000,495.4487
1474,255.0000,255.0000,0.0000,495.8388
1475,255.0000,255.0000,0.0000,496.1831
1476,255.0000,255.0000,0.0000,496.5961
1477,255.0000,255.0000,0.0000,496.9404
1478,255.0000,255.0000,0.0000,497.3305
1479,255.0000,255.0000,0.0000,497.7207
1480,255.0000,255.0000,0.0000,498.0419
1481,255.0000,255.0000,0.0000,498.4550
1482,255.0000,255.0000,0.0000,498.8911
1483,255.0000,255.0000,0.0000,499.2812
1484,255.0000,255.0000,0.0000,499.6943
1485,255.0000,255.0000,0.0000,500.0844
1486,255.0000,255.0000,0.0000,500.4975
1487,255.0000,255.0000,0.0000,500.9565
1488,255.0000,255.0000,0.0000,501.4155
1489,255.0000,255.0000,0.0000,501.8515
1490,255.0000,255.0000,0.0000,502.3334
1491,255.0000,255.0000,-30.0000,502.7924
1492,285.0000,255.0000,-12.4509,503.2744
1493,267.4509,255.0000,-0.7957,503.7104
1494,255.7957,255.0000,0.0000,504.0546
1495,255.0000,255.0000,0.0000,504.3530
1496,255.0000,255.0000,30.0000,504.6743
1497,255.0000,285.0000,13.0557,505.0415
1498,255.0000,268.0557,7.1835,505.4086
1499,255.0001,262.1836,-29.4228,505.8217
1500,284.4229,255.0000,0.0000,506.2348
1501,255.0000,255.0000,-30.0000,506.6020
1502,285.0000,255.0000,-26.5545,506.9462
1503,281.5546,255.0000,-8.0052,507.2446
1504,263.0053,255.0000,10.6707,507.5200
1505,255.0000,265.6707,30.0000,507.7036
1506,255.0000,285.0000,0.0000,507.9101
1507,255.0000,255.0000,0.0000,508.1625
1508,255.0000,255.0000,-30.0000,508.4379
1509,285.0000,255.0000,-13.2789,508.7363
1510,268.2789,255.0000,-0.7929,509.0117
1511,255.7930,255.0000,0.0000,509.2412
1512,255.0000,255.0000,0.0000,509.4477
1513,255.0000,255.0000,0.0000,509.7001
1514,255.0000,255.0000,30.0000,509.9755
1515,255.0000,285.0000,7.0079,510.2968
1516,254.9999,262.0078,-5.2819,510.6411
1517,260.2819,255.0000,0.0000,510.9853
1518,255.0000,255.0000,0.0000,511.3295
1519,255.0000,255.0000,0.0000,511.6049
1520,255.0000,255.0000,-30.0000,511.9262
1521,285.0000,255.0000,0.0000,512.2016
1522,255.0000,255.0000,0.0000,512.5229
1523,255.0000,255.0000,0.0000,512.7983
1524,255.0000,255.0000,0.0000,513.1196
1525,255.0000,255.0000,0.0000,513.4409
1526,255.0000,255.0000,0.0000,513.8081
1527,255.0000,255.0000,0.0000,514.1752
1528,255.0000,255.0000,0.0000,514.5654
1529,255.0000,255.0000,0.0000,514.9555
1530,255.0000,255.0000,0.0000,515.3686
1531,255.0000,255.0000,0.0000,515.7817
1532,255.0000,255.0000,0.0000,516.1948
1533,255.0000,255.0000,0.0000,516.5849
1534,255.0000,255.0000,0.0000,516.9750
1535,255.0000,255.0000,0.0000,517.3652
1536,255.0000,255.0000,0.0000,517.8012
1537,255.0000,255.0000,0.0000,518.2602
1538,255.0000,255.0000,-30.0000,518.6962
1539,285.0000,255.0000,-18.3523,519.1782
1540,273.3523,255.0000,11.0200,519.5913
1541,255.0000,266.0200,0.0000,519.8666
1542,255.0000,255.0000,0.0000,520.1650
1543,255.0000,255.0000,30.0000,520.4863
1544,255.0000,285.0000,0.5803,520.8305
1545,255.0000,255.5803,0.0000,521.1977
1546,255.0000,255.0000,0.0000,521.5878
1547,255.0000,255.0000,0.0000,521.9550
1548,255.0000,255.0000,-30.0000,522.3681
1549,285.0000,255.0000,-19.1921,522.7812
1550,274.1921,255.0000,-1.1408,523.1484
1551,256.1409,255.0000,23.5007,523.4467
1552,254.9999,278.5005,0.0000,523.6762
1553,255.0000,255.0000,30.0000,523.8828
1554,255.0000,285.0000,19.6879,524.1352
1555,255.0001,274.6880,1.0417,524.4335
1556,254.9999,256.0415,-24.6910,524.7548
1557,279.6909,255.0000,0.0000,525.0991
1558,255.0000,255.0000,-30.0000,525.4204
1559,285.0000,255.0000,-26.7254,525.7187
1560,281.7255,255.0000,-7.7573,525.9941
1561,262.7573,255.0000,17.4950,526.2236
1562,255.0001,272.4951,30.0000,526.4072
1563,255.0000,285.0000,0.0000,526.5908
1564,255.0000,255.0000,0.0000,526.7973
1565,255.0000,255.0000,0.0000,527.0498
1566,255.0000,255.0000,0.0000,527.3481
1567,255.0000,255.0000,-30.0000,527.6464
1568,285.0000,255.0000,-13.0167,527.9907
1569,268.0167,255.0000,5.4905,528.2890
1570,255.0000,260.4905,0.0000,528.5415
1571,255.0000,255.0000,0.0000,528.7709
1572,255.0000,255.0000,0.0000,529.0234
1573,255.0000,255.0000,0.0000,529.3217
1574,255.0000,255.0000,0.0000,529.6430
1575,255.0000,255.0000,0.0000,529.9643
1576,255.0000,255.0000,0.0000,530.3315
1577,255.0000,255.0000,0.0000,530.6987
1578,255.0000,255.0000,0.0000,531.0200
1579,255.0000,255.0000,0.0000,531.4101
1580,255.0000,255.0000,0.0000,531.8232
1581,255.0000,255.0000,0.0000,532.2363
1582,255.0000,255.0000,-30.0000,532.6494
1583,285.0000,255.0000,-12.8339,533.0854
1584,267.8340,255.0000,5.2544,533.4755
1585,255.0000,260.2544,0.0000,533.7739
1586,255.0000,255.0000,0.0000,534.0722
1587,255.0000,255.0000,0.0000,534.3706
1588,255.0000,255.0000,0.0000,534.6918
1589,255.0000,255.0000,0.0000,535.0361
1590,255.0000,255.0000,0.0000,535.4033
1591,255.0000,255.0000,0.0000,535.7934
1592,255.0000,255.0000,0.0000,536.1835
1593,255.0000,255.0000,0.0000,536.5737
1594,255.0000,255.0000,0.0000,536.9868
1595,255.0000,255.0000,0.0000,537.3999
1596,255.0000,255.0000,-29.6536,537.8588
1597,284.6536,255.0000,0.0000,538.2490
1598,255.0000,255.0000,0.0000,538.6391
1599,255.0000,255.0000,0.0000,539.0063
