step,pwm_l,pwm_r,comp_sig,enc_l,enc_r,target_left,target_right
0,0.0000,0.0000,-20.0000,45.0598,710.8601,87.1208,752.9210
1,0.0398,0.0398,0.0000,45.0598,710.8601,87.1208,752.9210
2,0.1594,0.1594,0.0000,45.0598,710.8601,87.1208,752.9210
3,0.3586,0.3586,0.0000,45.0598,710.8601,87.1208,752.9210
4,0.6375,0.6375,0.0000,45.0598,710.8601,87.1208,752.9210
5,0.9961,0.9961,0.0000,45.0598,710.8601,87.1208,752.9210
6,1.4344,1.4344,0.0000,45.0598,710.8601,87.1208,752.9210
7,1.9523,1.9523,0.0000,45.0598,710.8601,87.1208,752.9210
8,2.5500,2.5500,0.0000,45.0598,710.8601,87.1208,752.9210
9,3.2273,3.2273,0.0000,45.0598,710.8601,87.1208,752.9210
10,3.9844,3.9844,0.0000,45.0598,710.8601,87.1208,752.9210
11,4.8211,4.8211,0.0000,45.0598,710.8601,87.1208,752.9210
12,5.7375,5.7375,0.0000,45.0598,710.8601,87.1208,752.9210
13,6.7336,6.7336,0.0000,45.0598,710.8601,87.1208,752.9210
14,7.8094,7.8094,0.0000,45.0598,710.8601,87.1208,752.9210
15,8.9648,8.9648,0.0000,45.0598,710.8601,87.1208,752.9210
16,10.2000,10.2000,0.0000,45.0598,710.8601,87.1208,752.9210
17,11.5148,11.5148,0.0000,45.0598,710.8601,87.1208,752.9210
18,12.9094,12.9094,0.0000,45.0598,710.8601,87.1208,752.9210
19,14.3836,14.3836,0.0000,45.0598,710.8601,87.1208,752.9210
20,15.9375,15.9375,0.0000,45.0598,710.8601,87.1208,752.9210
21,17.5711,17.5711,0.0000,45.0598,710.8601,87.1208,752.9210
22,19.2844,19.2844,0.0000,45.0598,710.8601,87.1208,752.9210
23,21.0773,21.0773,0.0000,45.0598,710.8601,87.1208,752.9210
24,22.9500,22.9500,0.0000,45.0598,710.8601,87.1208,752.9210
25,24.9023,24.9023,0.0000,45.0598,710.8601,87.1208,752.9210
26,26.9344,26.9344,0.0000,45.0598,710.8601,87.1208,752.9210
27,29.0461,29.0461,0.0000,45.0598,710.8601,87.1208,752.9210
28,31.2986,31.2375,0.4989,45.0598,710.8830,87.1208,752.9210
29,33.5689,33.5086,0.4590,45.0598,710.8830,87.1208,752.9210
30,35.9239,35.8594,0.4590,45.0598,710.8830,87.1208,752.9210
31,38.3588,38.2898,0.4590,45.0598,710.8830,87.1208,752.9210
32,40.8734,40.8000,0.4590,45.0598,710.8830,87.1208,752.9210
33,43.4679,43.3898,0.4590,45.0598,710.8830,87.1208,752.9210
34,46.1423,46.0594,0.4590,45.0598,710.8830,87.1208,752.9210
35,48.8964,48.8086,0.4590,45.0598,710.8830,87.1208,752.9210
36,51.7304,51.6375,0.4590,45.0598,710.8830,87.1208,752.9210
37,54.6443,54.5461,0.4590,45.0598,710.8830,87.1208,752.9210
38,57.6379,57.5344,0.4590,45.0598,710.8830,87.1208,752.9210
39,60.5930,60.6023,-0.0394,45.0827,710.8830,87.1208,752.9210
40,63.7500,63.7500,0.0000,45.0827,710.8830,87.1208,752.9210
41,66.8465,66.9773,-0.4982,45.1056,710.8830,87.1208,752.9210
42,70.1581,70.2844,-0.4582,45.1056,710.8830,87.1208,752.9210
43,73.5387,73.6711,-0.4582,45.1056,710.8830,87.1208,752.9210
44,76.9989,77.1375,-0.4582,45.1056,710.8830,87.1208,752.9210
45,80.3810,80.6836,-0.9563,45.1286,710.8830,87.1208,752.9210
46,84.0063,84.3094,-0.9168,45.1286,710.8830,87.1208,752.9210
47,87.5265,88.0149,-1.4149,45.1515,710.8830,87.1208,752.9210
48,91.3049,91.8000,-1.3754,45.1515,710.8830,87.1208,752.9210
49,95.3359,95.6649,-0.8769,45.1515,710.9060,87.1208,752.9210
50,99.0569,99.6094,-1.4145,45.1744,710.9060,87.1208,752.9210
51,103.2774,103.6336,-0.8765,45.1744,710.9289,87.1208,752.9210
52,107.1406,107.7375,-1.4128,45.1974,710.9289,87.1208,752.9210
53,111.3178,111.9211,-1.3747,45.1974,710.9289,87.1208,752.9210
54,115.7847,116.1844,-0.8771,45.1974,710.9519,87.1208,752.9210
55,120.0947,120.5273,-0.9153,45.2203,710.9748,87.1208,752.9210
56,124.2579,124.9500,-1.4125,45.2432,710.9748,87.1208,752.9210
57,129.0073,129.4523,-0.8767,45.2432,710.9978,87.1208,752.9210
58,133.5537,134.0344,-0.9145,45.2661,711.0207,87.1208,752.9210
59,138.4693,138.6961,-0.4170,45.2661,711.0437,87.1208,752.9210
60,143.1815,143.4375,-0.4551,45.2891,711.0666,87.1208,752.9210
61,147.9942,148.2586,-0.4548,45.3120,711.0895,87.1208,752.9210
62,152.8865,153.1594,-0.4544,45.3349,711.1125,87.1208,752.9210
63,158.1655,158.1398,0.0413,45.3579,711.1584,87.1208,752.9210
64,163.5216,163.2000,0.5024,45.3808,711.1813,87.1208,752.9210
65,168.9730,168.3398,0.9591,45.4037,711.2272,87.1208,752.9210
66,173.8505,173.5594,0.4277,45.4267,711.2502,87.1208,752.9210
67,179.5327,178.8586,0.9610,45.4496,711.2961,87.1208,752.9210
68,185.2637,184.2375,1.4203,45.4725,711.3420,87.1208,752.9210
69,191.0945,189.6961,1.8798,45.4954,711.3879,87.1208,752.9210
70,197.0254,195.2344,2.3393,45.5184,711.4567,87.1208,752.9210
71,203.4441,200.8523,3.2905,45.5642,711.5026,87.1208,752.9210
72,209.1596,206.5500,3.2217,45.5872,711.5715,87.1208,752.9210
73,215.8341,212.3273,4.2116,45.6330,711.6174,87.1208,752.9210
74,222.1499,218.1844,4.6347,45.6560,711.6862,87.1208,752.9210
75,228.5986,224.1211,5.0945,45.7018,711.7551,87.1208,752.9210
76,235.1504,230.1375,5.5544,45.7477,711.8239,87.1208,752.9210
77,241.8051,236.2336,6.0141,45.7935,711.8928,87.1208,752.9210
78,249.0314,242.4094,6.9660,45.8394,711.9846,87.1208,752.9210
79,255.8739,248.6648,7.3927,45.8853,712.0534,87.1208,752.9210
80,263.3447,255.0000,8.3447,45.9311,712.1452,87.1208,752.9210
81,263.7698,255.0000,8.7698,45.9999,712.2370,87.1208,752.9210
82,264.7236,255.0000,9.7236,46.0458,712.3518,87.1208,752.9210
83,266.6268,255.0000,11.6267,46.0687,712.4436,87.1208,752.9210
84,267.9686,255.0000,12.9686,46.1146,712.5583,87.1208,752.9210
85,269.8408,255.0000,14.8408,46.1375,712.6730,87.1208,752.9210
86,271.6733,255.0000,16.6733,46.1604,712.8107,87.1208,752.9210
87,273.5112,255.0000,18.5112,46.2063,712.9255,87.1208,752.9210
88,275.0000,255.0000,20.0000,46.2292,713.0632,87.1208,752.9210
89,275.0000,255.0000,20.0000,46.2521,713.2009,87.1208,752.9210
90,275.0000,255.0000,20.0000,46.2751,713.3615,87.1208,752.9210
91,275.0000,255.0000,20.0000,46.2980,713.4992,87.1208,752.9210
92,275.0000,255.0000,20.0000,46.3209,713.6599,87.1208,752.9210
93,275.0000,255.0000,20.0000,46.3439,713.7976,87.1208,752.9210
94,275.0000,255.0000,20.0000,46.3439,713.9582,87.1208,752.9210
95,275.0000,255.0000,20.0000,46.3668,714.1188,87.1208,752.9210
96,275.0000,255.0000,20.0000,46.3897,714.2795,87.1208,752.9210
97,275.0000,255.0000,20.0000,46.3897,714.4172,87.1208,752.9210
98,275.0000,255.0000,20.0000,46.4127,714.6008,87.1208,752.9210
99,275.0000,255.0000,20.0000,46.4127,714.7385,87.1208,752.9210
100,275.0000,255.0000,20.0000,46.4127,714.8991,87.1208,752.9210
101,275.0000,255.0000,20.0000,46.4356,715.0827,87.1208,752.9210
102,275.0000,255.0000,20.0000,46.4356,715.2434,87.1208,752.9210
103,275.0000,255.0000,20.0000,46.4356,715.4040,87.1208,752.9210
104,275.0000,255.0000,20.0000,46.4356,715.5876,87.1208,752.9210
105,275.0000,255.0000,20.0000,46.4356,715.7482,87.1208,752.9210
106,275.0000,255.0000,20.0000,46.4356,715.9089,87.1208,752.9210
107,275.0000,255.0000,20.0000,46.4356,716.0925,87.1208,752.9210
108,275.0000,255.0000,20.0000,46.4356,716.2531,87.1208,752.9210
109,275.0000,255.0000,20.0000,46.4356,716.4367,87.1208,752.9210
110,275.0000,255.0000,20.0000,46.4356,716.5974,87.1208,752.9210
111,275.0000,255.0000,20.0000,46.4356,716.7810,87.1208,752.9210
112,275.0000,255.0000,20.0000,46.4356,716.9416,87.1208,752.9210
113,275.0000,255.0000,20.0000,46.4356,717.1252,87.1208,752.9210
114,275.0000,255.0000,20.0000,46.4356,717.3088,87.1208,752.9210
115,275.0000,255.0000,20.0000,46.4356,717.4694,87.1208,752.9210
116,275.0000,255.0000,20.0000,46.4356,717.6530,87.1208,752.9210
117,275.0000,255.0000,20.0000,46.4356,717.8366,87.1208,752.9210
118,275.0000,255.0000,20.0000,46.4356,718.0202,87.1208,752.9210
119,275.0000,255.0000,20.0000,46.4356,718.1809,87.1208,752.9210
120,275.0000,255.0000,20.0000,46.4356,718.3645,87.1208,752.9210
121,275.0000,255.0000,20.0000,46.4356,718.5480,87.1208,752.9210
122,275.0000,255.0000,20.0000,46.4356,718.7316,87.1208,752.9210
123,275.0000,255.0000,20.0000,46.4356,718.9152,87.1208,752.9210
124,275.0000,255.0000,20.0000,46.4356,719.0759,87.1208,752.9210
125,275.0000,255.0000,20.0000,46.4356,719.2595,87.1208,752.9210
126,275.0000,255.0000,20.0000,46.4356,719.4431,87.1208,752.9210
127,275.0000,255.0000,20.0000,46.4356,719.6037,87.1208,752.9210
128,275.0000,255.0000,20.0000,46.4356,719.7873,87.1208,752.9210
129,275.0000,255.0000,20.0000,46.4356,719.9709,87.1208,752.9210
130,275.0000,255.0000,20.0000,46.4356,720.1545,87.1208,752.9210
131,275.0000,255.0000,20.0000,46.4356,720.3151,87.1208,752.9210
132,275.0000,255.0000,20.0000,46.4356,720.4987,87.1208,752.9210
133,275.0000,255.0000,20.0000,46.4356,720.6823,87.1208,752.9210
134,275.0000,255.0000,20.0000,46.4356,720.8659,87.1208,752.9210
135,275.0000,255.0000,20.0000,46.4356,721.0495,87.1208,752.9210
136,275.0000,255.0000,20.0000,46.4356,721.2331,87.1208,752.9210
137,275.0000,255.0000,20.0000,46.4356,721.4167,87.1208,752.9210
138,275.0000,255.0000,20.0000,46.4356,721.6003,87.1208,752.9210
139,275.0000,255.0000,20.0000,46.4356,721.7839,87.1208,752.9210
140,275.0000,255.0000,20.0000,46.4356,721.9675,87.1208,752.9210
141,275.0000,255.0000,20.0000,46.4356,722.1511,87.1208,752.9210
142,275.0000,255.0000,20.0000,46.4356,722.3347,87.1208,752.9210
143,275.0000,255.0000,20.0000,46.4356,722.5183,87.1208,752.9210
144,275.0000,255.0000,20.0000,46.4356,722.7019,87.1208,752.9210
145,275.0000,255.0000,20.0000,46.4356,722.8854,87.1208,752.9210
146,275.0000,255.0000,20.0000,46.4356,723.0690,87.1208,752.9210
147,275.0000,255.0000,20.0000,46.4356,723.2526,87.1208,752.9210
148,275.0000,255.0000,20.0000,46.4356,723.4362,87.1208,752.9210
149,275.0000,255.0000,20.0000,46.4356,723.6198,87.1208,752.9210
150,275.0000,255.0000,20.0000,46.4356,723.8264,87.1208,752.9210
151,275.0000,255.0000,20.0000,46.4356,724.0100,87.1208,752.9210
152,275.0000,255.0000,20.0000,46.4356,724.1706,87.1208,752.9210
153,275.0000,255.0000,20.0000,46.4356,724.3771,87.1208,752.9210
154,275.0000,255.0000,20.0000,46.4356,724.5378,87.1208,752.9210
155,275.0000,255.0000,20.0000,46.4356,724.7443,87.1208,752.9210
156,275.0000,255.0000,20.0000,46.4356,724.9050,87.1208,752.9210
157,275.0000,255.0000,20.0000,46.4356,725.0886,87.1208,752.9210
158,275.0000,255.0000,20.0000,46.4356,725.2722,87.1208,752.9210
159,275.0000,255.0000,20.0000,46.4356,725.4558,87.1208,752.9210
160,275.0000,255.0000,20.0000,46.4356,725.6394,87.1208,752.9210
161,275.0000,255.0000,20.0000,46.4356,725.8229,87.1208,752.9210
162,275.0000,255.0000,20.0000,46.4356,726.0065,87.1208,752.9210
163,275.0000,255.0000,20.0000,46.4356,726.1901,87.1208,752.9210
164,275.0000,255.0000,20.0000,46.4356,726.3737,87.1208,752.9210
165,275.0000,255.0000,20.0000,46.4356,726.5573,87.1208,752.9210
166,275.0000,255.0000,20.0000,46.4356,726.7409,87.1208,752.9210
167,275.0000,255.0000,20.0000,46.4356,726.9245,87.1208,752.9210
168,275.0000,255.0000,20.0000,46.4356,727.1311,87.1208,752.9210
169,275.0000,255.0000,20.0000,46.4356,727.3146,87.1208,752.9210
170,275.0000,255.0000,20.0000,46.4356,727.4982,87.1208,752.9210
171,275.0000,255.0000,20.0000,46.4356,727.6818,87.1208,752.9210
172,275.0000,255.0000,20.0000,46.4356,727.8654,87.1208,752.9210
173,275.0000,255.0000,20.0000,46.4356,728.0490,87.1208,752.9210
174,275.0000,255.0000,20.0000,46.4356,728.2326,87.1208,752.9210
175,275.0000,255.0000,20.0000,46.4356,728.3933,87.1208,752.9210
176,275.0000,255.0000,20.0000,46.4356,728.5998,87.1208,752.9210
177,275.0000,255.0000,20.0000,46.4356,728.7834,87.1208,752.9210
178,275.0000,255.0000,20.0000,46.4356,728.9440,87.1208,752.9210
179,275.0000,255.0000,20.0000,46.4356,729.1506,87.1208,752.9210
180,275.0000,255.0000,20.0000,46.4356,729.3342,87.1208,752.9210
181,275.0000,255.0000,20.0000,46.4356,729.5178,87.1208,752.9210
182,275.0000,255.0000,20.0000,46.4356,729.7014,87.1208,752.9210
183,275.0000,255.0000,20.0000,46.4356,729.8850,87.1208,752.9210
184,275.0000,255.0000,20.0000,46.4356,730.0686,87.1208,752.9210
185,275.0000,255.0000,20.0000,46.4356,730.2521,87.1208,752.9210
186,275.0000,255.0000,20.0000,46.4356,730.4357,87.1208,752.9210
187,275.0000,255.0000,20.0000,46.4356,730.6193,87.1208,752.9210
188,275.0000,255.0000,20.0000,46.4356,730.8029,87.1208,752.9210
189,275.0000,255.0000,20.0000,46.4356,730.9865,87.1208,752.9210
190,275.0000,255.0000,20.0000,46.4356,731.1701,87.1208,752.9210
191,275.0000,255.0000,20.0000,46.4356,731.3308,87.1208,752.9210
192,275.0000,255.0000,20.0000,46.4356,731.5144,87.1208,752.9210
193,275.0000,255.0000,20.0000,46.4356,731.6979,87.1208,752.9210
194,275.0000,255.0000,20.0000,46.4356,731.8815,87.1208,752.9210
195,275.0000,255.0000,20.0000,46.4356,732.0651,87.1208,752.9210
196,275.0000,255.0000,20.0000,46.4356,732.2487,87.1208,752.9210
197,275.0000,255.0000,20.0000,46.4356,732.4323,87.1208,752.9210
198,275.0000,255.0000,20.0000,46.4356,732.6159,87.1208,752.9210
199,275.0000,255.0000,20.0000,46.4356,732.8225,87.1208,752.9210
200,275.0000,255.0000,20.0000,46.4356,733.0061,87.1208,752.9210
201,275.0000,255.0000,20.0000,46.4356,733.1896,87.1208,752.9210
202,275.0000,255.0000,20.0000,46.4356,733.3732,87.1208,752.9210
203,275.0000,255.0000,20.0000,46.4356,733.5568,87.1208,752.9210
204,275.0000,255.0000,20.0000,46.4356,733.7404,87.1208,752.9210
205,275.0000,255.0000,20.0000,46.4356,733.9240,87.1208,752.9210
206,275.0000,255.0000,20.0000,46.4356,734.1076,87.1208,752.9210
207,275.0000,255.0000,20.0000,46.4356,734.2912,87.1208,752.9210
208,275.0000,255.0000,20.0000,46.4356,734.4978,87.1208,752.9210
209,275.0000,255.0000,20.0000,46.4356,734.6584,87.1208,752.9210
210,275.0000,255.0000,20.0000,46.4356,734.8649,87.1208,752.9210
211,275.0000,255.0000,20.0000,46.4356,735.0485,87.1208,752.9210
212,275.0000,255.0000,20.0000,46.4356,735.2321,87.1208,752.9210
213,275.0000,255.0000,20.0000,46.4356,735.4157,87.1208,752.9210
214,275.0000,255.0000,20.0000,46.4356,735.5993,87.1208,752.9210
215,275.0000,255.0000,20.0000,46.4356,735.7829,87.1208,752.9210
216,275.0000,255.0000,20.0000,46.4356,735.9665,87.1208,752.9210
217,275.0000,255.0000,20.0000,46.4356,736.1501,87.1208,752.9210
218,275.0000,255.0000,20.0000,46.4356,736.3337,87.1208,752.9210
219,275.0000,255.0000,20.0000,46.4356,736.5173,87.1208,752.9210
220,275.0000,255.0000,20.0000,46.4356,736.7009,87.1208,752.9210
221,275.0000,255.0000,20.0000,46.4356,736.9074,87.1208,752.9210
222,275.0000,255.0000,20.0000,46.4356,737.0681,87.1208,752.9210
223,275.0000,255.0000,20.0000,46.4356,737.2746,87.1208,752.9210
224,275.0000,255.0000,20.0000,46.4356,737.4353,87.1208,752.9210
225,275.0000,255.0000,20.0000,46.4356,737.6188,87.1208,752.9210
226,275.0000,255.0000,20.0000,46.4356,737.8024,87.1208,752.9210
227,275.0000,255.0000,20.0000,46.4356,737.9860,87.1208,752.9210
228,275.0000,255.0000,20.0000,46.4356,738.1696,87.1208,752.9210
229,275.0000,255.0000,20.0000,46.4356,738.3532,87.1208,752.9210
230,275.0000,255.0000,20.0000,46.4356,738.5368,87.1208,752.9210
231,275.0000,255.0000,20.0000,46.4356,738.7434,87.1208,752.9210
232,275.0000,255.0000,20.0000,46.4356,738.9270,87.1208,752.9210
233,275.0000,255.0000,20.0000,46.4356,739.1105,87.1208,752.9210
234,275.0000,255.0000,20.0000,46.4356,739.2941,87.1208,752.9210
235,275.0000,255.0000,20.0000,46.4356,739.4777,87.1208,752.9210
236,275.0000,255.0000,20.0000,46.4356,739.6613,87.1208,752.9210
237,275.0000,255.0000,20.0000,46.4356,739.8449,87.1208,752.9210
238,275.0000,255.0000,20.0000,46.4356,740.0285,87.1208,752.9210
239,275.0000,255.0000,20.0000,46.4356,740.2121,87.1208,752.9210
240,275.0000,255.0000,20.0000,46.4356,740.3957,87.1208,752.9210
241,275.0000,255.0000,20.0000,46.4356,740.5793,87.1208,752.9210
242,275.0000,255.0000,20.0000,46.4356,740.7629,87.1208,752.9210
243,275.0000,255.0000,20.0000,46.4356,740.9465,87.1208,752.9210
244,275.0000,255.0000,20.0000,46.4356,741.1530,87.1208,752.9210
245,275.0000,255.0000,20.0000,46.4356,741.3366,87.1208,752.9210
246,275.0000,255.0000,20.0000,46.4356,741.5202,87.1208,752.9210
247,275.0000,255.0000,20.0000,46.4356,741.7038,87.1208,752.9210
248,275.0000,255.0000,20.0000,46.4356,741.8874,87.1208,752.9210
249,275.0000,255.0000,20.0000,46.4356,742.0710,87.1208,752.9210
250,275.0000,255.0000,20.0000,46.4356,742.2546,87.1208,752.9210
251,275.0000,255.0000,20.0000,46.4356,742.4382,87.1208,752.9210
252,275.0000,255.0000,20.0000,46.4356,742.6218,87.1208,752.9210
253,275.0000,255.0000,20.0000,46.4356,742.8054,87.1208,752.9210
254,275.0000,255.0000,20.0000,46.4356,742.9890,87.1208,752.9210
255,275.0000,255.0000,20.0000,46.4356,743.1726,87.1208,752.9210
256,275.0000,255.0000,20.0000,46.4356,743.3562,87.1208,752.9210
257,275.0000,255.0000,20.0000,46.4356,743.5397,87.1208,752.9210
258,275.0000,255.0000,20.0000,46.4356,743.7233,87.1208,752.9210
259,275.0000,255.0000,20.0000,46.4356,743.9069,87.1208,752.9210
260,275.0000,255.0000,20.0000,46.4356,744.0905,87.1208,752.9210
261,275.0000,255.0000,20.0000,46.4356,744.2741,87.1208,752.9210
262,275.0000,255.0000,20.0000,46.4356,744.4577,87.1208,752.9210
263,275.0000,255.0000,20.0000,46.4356,744.6643,87.1208,752.9210
264,275.0000,255.0000,20.0000,46.4356,744.8249,87.1208,752.9210
265,275.0000,255.0000,20.0000,46.4356,745.0314,87.1208,752.9210
266,275.0000,255.0000,20.0000,46.4356,745.2150,87.1208,752.9210
267,275.0000,255.0000,20.0000,46.4356,745.3986,87.1208,752.9210
268,275.0000,255.0000,20.0000,46.4356,745.5822,87.1208,752.9210
269,275.0000,255.0000,20.0000,46.4356,745.7658,87.1208,752.9210
270,275.0000,255.0000,20.0000,46.4356,745.9494,87.1208,752.9210
271,275.0000,255.0000,20.0000,46.4356,746.1330,87.1208,752.9210
272,275.0000,255.0000,20.0000,46.4356,746.3166,87.1208,752.9210
273,275.0000,255.0000,20.0000,46.4356,746.5002,87.1208,752.9210
274,275.0000,255.0000,20.0000,46.4356,746.6838,87.1208,752.9210
275,275.0000,255.0000,20.0000,46.4356,746.8674,87.1208,752.9210
276,275.0000,255.0000,20.0000,46.4356,747.0510,87.1208,752.9210
277,275.0000,255.0000,20.0000,46.4356,747.2346,87.1208,752.9210
278,275.0000,255.0000,20.0000,46.4356,747.4411,87.1208,752.9210
279,275.0000,255.0000,20.0000,46.4356,747.6247,87.1208,752.9210
280,275.0000,255.0000,20.0000,46.4356,747.8083,87.1208,752.9210
281,275.0000,255.0000,20.0000,46.4356,747.9919,87.1208,752.9210
282,275.0000,255.0000,20.0000,46.4356,748.1755,87.1208,752.9210
283,275.0000,255.0000,20.0000,46.4356,748.3591,87.1208,752.9210
284,275.0000,255.0000,20.0000,46.4356,748.5427,87.1208,752.9210
285,275.0000,255.0000,20.0000,46.4356,748.7263,87.1208,752.9210
286,275.0000,255.0000,20.0000,46.4356,748.9099,87.1208,752.9210
287,275.0000,255.0000,20.0000,46.4356,749.0935,87.1208,752.9210
288,275.0000,255.0000,20.0000,46.4356,749.2770,87.1208,752.9210
289,275.0000,255.0000,20.0000,46.4356,749.4836,87.1208,752.9210
290,275.0000,255.0000,20.0000,46.4356,749.6442,87.1208,752.9210
291,275.0000,255.0000,20.0000,46.4356,749.8278,87.1208,752.9210
292,275.0000,255.0000,20.0000,46.4356,750.0114,87.1208,752.9210
293,275.0000,255.0000,20.0000,46.4356,750.1950,87.1208,752.9210
294,275.0000,255.0000,20.0000,46.4356,750.3786,87.1208,752.9210
295,275.0000,255.0000,20.0000,46.4356,750.5622,87.1208,752.9210
296,275.0000,255.0000,20.0000,46.4356,750.7458,87.1208,752.9210
297,275.0000,255.0000,20.0000,46.4356,750.9523,87.1208,752.9210
298,275.0000,255.0000,20.0000,46.4356,751.1359,87.1208,752.9210
299,275.0000,255.0000,20.0000,46.4356,751.3195,87.1208,752.9210
300,275.0000,255.0000,20.0000,46.4356,751.5031,87.1208,752.9210
301,275.0000,255.0000,20.0000,46.4356,751.6867,87.1208,752.9210
302,275.0000,255.0000,20.0000,46.4356,751.8703,87.1208,752.9210
303,275.0000,0.0000,20.0000,46.4356,752.0539,87.1208,752.9210
304,275.0000,0.0000,20.0000,46.4356,752.2145,87.1208,752.9210
305,275.0000,0.0000,20.0000,46.4356,752.3522,87.1208,752.9210
306,275.0000,0.0000,20.0000,46.4356,752.4670,87.1208,752.9210
307,275.0000,0.0000,20.0000,46.4356,752.5588,87.1208,752.9210
308,275.0000,0.0000,20.0000,46.4356,752.6506,87.1208,752.9210
309,275.0000,0.0000,20.0000,46.4356,752.7194,87.1208,752.9210
310,275.0000,0.0000,20.0000,46.4356,752.7883,87.1208,752.9210
311,275.0000,0.0000,20.0000,46.4356,752.8342,87.1208,752.9210
312,275.0000,0.0000,20.0000,46.4356,752.8801,87.1208,752.9210
313,275.0000,0.0000,20.0000,46.4356,752.9260,87.1208,752.9210
314,275.0000,0.0000,20.0000,46.4356,752.9489,87.1208,752.9210
315,275.0000,0.0000,20.0000,46.4356,752.9719,87.1208,752.9210
316,275.0000,0.0000,20.0000,46.4356,752.9948,87.1208,752.9210
317,275.0000,0.0000,20.0000,46.4356,753.0178,87.1208,752.9210
318,275.0000,0.0000,20.0000,46.4356,753.0178,87.1208,752.9210
319,275.0000,0.0000,20.0000,46.4356,753.0178,87.1208,752.9210
320,275.0000,0.0000,20.0000,46.4356,753.0407,87.1208,752.9210
321,275.0000,0.0000,20.0000,46.4356,753.0407,87.1208,752.9210
322,275.0000,0.0000,20.0000,46.4356,753.0407,87.1208,752.9210
323,275.0000,0.0000,20.0000,46.4356,753.0407,87.1208,752.9210
324,275.0000,0.0000,20.0000,46.4356,753.0407,87.1208,752.9210
325,275.0000,0.0000,20.0000,46.4356,753.0407,87.1208,752.9210
326,275.0000,0.0000,20.0000,46.4356,753.0407,87.1208,752.9210
327,275.0000,0.0000,20.0000,46.4356,753.0407,87.1208,752.9210
328,275.0000,0.0000,20.0000,46.4356,753.0407,87.1208,752.9210
329,275.0000,0.0000,20.0000,46.4356,753.0407,87.1208,752.9210
330,275.0000,0.0000,20.0000,46.4356,753.0407,87.1208,752.9210
331,275.0000,0.0000,20.0000,46.4356,753.0407,87.1208,752.9210
332,275.0000,0.0000,20.0000,46.4356,753.0407,87.1208,752.9210
333,275.0000,0.0000,20.0000,46.4356,753.0407,87.1208,752.9210
334,275.0000,0.0000,20.0000,46.4356,753.0407,87.1208,752.9210
335,275.0000,0.0000,20.0000,46.4356,753.0407,87.1208,752.9210
336,275.0000,0.0000,20.0000,46.4356,753.0407,87.1208,752.9210
337,275.0000,0.0000,20.0000,46.4356,753.0407,87.1208,752.9210
338,275.0000,0.0000,20.0000,46.4356,753.0407,87.1208,752.9210
339,275.0000,0.0000,20.0000,46.4356,753.0407,87.1208,752.9210
340,275.0000,0.0000,20.0000,46.4356,753.0407,87.1208,752.9210
341,275.0000,0.0000,20.0000,46.4356,753.0407,87.1208,752.9210
342,275.0000,0.0000,20.0000,46.4356,753.0407,87.1208,752.9210
343,275.0000,0.0000,20.0000,46.4356,753.0407,87.1208,752.9210
344,275.0000,0.0000,20.0000,46.4356,753.0407,87.1208,752.9210
345,275.0000,0.0000,20.0000,46.4356,753.0407,87.1208,752.9210
346,275.0000,0.0000,20.0000,46.4356,753.0407,87.1208,752.9210
347,275.0000,0.0000,20.0000,46.4356,753.0407,87.1208,752.9210
348,275.0000,0.0000,20.0000,46.4356,753.0407,87.1208,752.9210
349,275.0000,0.0000,20.0000,46.4356,753.0407,87.1208,752.9210
350,275.0000,0.0000,20.0000,46.4356,753.0407,87.1208,752.9210
351,275.0000,0.0000,20.0000,46.4356,753.0407,87.1208,752.9210
352,275.0000,0.0000,20.0000,46.4356,753.0407,87.1208,752.9210
353,275.0000,0.0000,20.0000,46.4356,753.0407,87.1208,752.9210
354,275.0000,0.0000,20.0000,46.4356,753.0407,87.1208,752.9210
355,275.0000,0.0000,20.0000,46.4356,753.0407,87.1208,752.9210
356,275.0000,0.0000,20.0000,46.4356,753.0407,87.1208,752.9210
357,275.0000,0.0000,20.0000,46.4356,753.0407,87.1208,752.9210
358,275.0000,0.0000,20.0000,46.4356,753.0407,87.1208,752.9210
359,275.0000,0.0000,20.0000,46.4356,753.0407,87.1208,752.9210
360,275.0000,0.0000,20.0000,46.4356,753.0407,87.1208,752.9210
361,275.0000,0.0000,20.0000,46.4356,753.0407,87.1208,752.9210
362,275.0000,0.0000,20.0000,46.4356,753.0407,87.1208,752.9210
363,275.0000,0.0000,20.0000,46.4356,753.0407,87.1208,752.9210
364,275.0000,0.0000,20.0000,46.4356,753.0407,87.1208,752.9210
365,275.0000,0.0000,20.0000,46.4356,753.0407,87.1208,752.9210
366,275.0000,0.0000,20.0000,46.4356,753.0407,87.1208,752.9210
367,275.0000,0.0000,20.0000,46.4356,753.0407,87.1208,752.9210
368,275.0000,0.0000,20.0000,46.4356,753.0407,87.1208,752.9210
369,275.0000,0.0000,20.0000,46.4356,753.0407,87.1208,752.9210
370,275.0000,0.0000,20.0000,46.4356,753.0407,87.1208,752.9210
371,275.0000,0.0000,20.0000,46.4356,753.0407,87.1208,752.9210
372,275.0000,0.0000,20.0000,46.4356,753.0407,87.1208,752.9210
373,275.0000,0.0000,20.0000,46.4356,753.0407,87.1208,752.9210
374,275.0000,0.0000,20.0000,46.4356,753.0407,87.1208,752.9210
375,275.0000,0.0000,20.0000,46.4356,753.0407,87.1208,752.9210
376,275.0000,0.0000,20.0000,46.4356,753.0407,87.1208,752.9210
377,275.0000,0.0000,20.0000,46.4356,753.0407,87.1208,752.9210
378,275.0000,0.0000,20.0000,46.4356,753.0407,87.1208,752.9210
379,275.0000,0.0000,20.0000,46.4356,753.0407,87.1208,752.9210
380,275.0000,0.0000,20.0000,46.4356,753.0407,87.1208,752.9210
381,275.0000,0.0000,20.0000,46.4356,753.0407,87.1208,752.9210
382,275.0000,0.0000,20.0000,46.4356,753.0407,87.1208,752.9210
383,275.0000,0.0000,20.0000,46.4356,753.0407,87.1208,752.9210
384,275.0000,0.0000,20.0000,46.4356,753.0407,87.1208,752.9210
385,275.0000,0.0000,20.0000,46.4356,753.0407,87.1208,752.9210
386,275.0000,0.0000,20.0000,46.4356,753.0407,87.1208,752.9210
387,275.0000,0.0000,20.0000,46.4356,753.0407,87.1208,752.9210
388,275.0000,0.0000,20.0000,46.4356,753.0407,87.1208,752.9210
389,275.0000,0.0000,20.0000,46.4356,753.0407,87.1208,752.9210
390,275.0000,0.0000,20.0000,46.4356,753.0407,87.1208,752.9210
391,275.0000,0.0000,20.0000,46.4356,753.0407,87.1208,752.9210
392,275.0000,0.0000,20.0000,46.4356,753.0407,87.1208,752.9210
393,275.0000,0.0000,20.0000,46.4356,753.0407,87.1208,752.9210
394,275.0000,0.0000,20.0000,46.4356,753.0407,87.1208,752.9210
395,275.0000,0.0000,20.0000,46.4356,753.0407,87.1208,752.9210
396,275.0000,0.0000,20.0000,46.4356,753.0407,87.1208,752.9210
397,275.0000,0.0000,20.0000,46.4356,753.0407,87.1208,752.9210
398,275.0000,0.0000,20.0000,46.4356,753.0407,87.1208,752.9210
399,275.0000,0.0000,20.0000,46.4356,753.0407,87.1208,752.9210
400,275.0000,0.0000,20.0000,46.4356,753.0407,87.1208,752.9210
401,275.0000,0.0000,20.0000,46.4356,753.0407,87.1208,752.9210
402,275.0000,0.0000,20.0000,46.4356,753.0407,87.1208,752.9210
403,275.0000,0.0000,20.0000,46.4356,753.0407,87.1208,752.9210
404,275.0000,0.0000,20.0000,46.4356,753.0407,87.1208,752.9210
405,275.0000,0.0000,20.0000,46.4356,753.0407,87.1208,752.9210
406,275.0000,0.0000,20.0000,46.4356,753.0407,87.1208,752.9210
407,275.0000,0.0000,20.0000,46.4356,753.0407,87.1208,752.9210
408,275.0000,0.0000,20.0000,46.4356,753.0407,87.1208,752.9210
409,275.0000,0.0000,20.0000,46.4356,753.0407,87.1208,752.9210
410,275.0000,0.0000,20.0000,46.4356,753.0407,87.1208,752.9210
411,275.0000,0.0000,20.0000,46.4356,753.0407,87.1208,752.9210
412,275.0000,0.0000,20.0000,46.4356,753.0407,87.1208,752.9210
413,275.0000,0.0000,20.0000,46.4356,753.0407,87.1208,752.9210
414,275.0000,0.0000,20.0000,46.4356,753.0407,87.1208,752.9210
415,275.0000,0.0000,20.0000,46.4356,753.0407,87.1208,752.9210
416,275.0000,0.0000,20.0000,46.4356,753.0407,87.1208,752.9210
417,275.0000,0.0000,20.0000,46.4356,753.0407,87.1208,752.9210
418,275.0000,0.0000,20.0000,46.4356,753.0407,87.1208,752.9210
419,275.0000,0.0000,20.0000,46.4356,753.0407,87.1208,752.9210
420,275.0000,0.0000,20.0000,46.4356,753.0407,87.1208,752.9210
421,275.0000,0.0000,20.0000,46.4356,753.0407,87.1208,752.9210
422,275.0000,0.0000,20.0000,46.4356,753.0407,87.1208,752.9210
423,275.0000,0.0000,20.0000,46.4356,753.0407,87.1208,752.9210
424,275.0000,0.0000,20.0000,46.4356,753.0407,87.1208,752.9210
425,275.0000,0.0000,20.0000,46.4356,753.0407,87.1208,752.9210
426,275.0000,0.0000,20.0000,46.4356,753.0407,87.1208,752.9210
427,275.0000,0.0000,20.0000,46.4356,753.0407,87.1208,752.9210
428,275.0000,0.0000,20.0000,46.4356,753.0407,87.1208,752.9210
429,275.0000,0.0000,20.0000,46.4356,753.0407,87.1208,752.9210
430,275.0000,0.0000,20.0000,46.4356,753.0407,87.1208,752.9210
431,275.0000,0.0000,20.0000,46.4356,753.0407,87.1208,752.9210
432,275.0000,0.0000,20.0000,46.4356,753.0407,87.1208,752.9210
433,275.0000,0.0000,20.0000,46.4356,753.0407,87.1208,752.9210
434,275.0000,0.0000,20.0000,46.4356,753.0407,87.1208,752.9210
435,275.0000,0.0000,20.0000,46.4356,753.0407,87.1208,752.9210
436,275.0000,0.0000,20.0000,46.4356,753.0407,87.1208,752.9210
437,275.0000,0.0000,20.0000,46.4356,753.0407,87.1208,752.9210
438,275.0000,0.0000,20.0000,46.4356,753.0407,87.1208,752.9210
439,275.0000,0.0000,20.0000,46.4356,753.0407,87.1208,752.9210
440,275.0000,0.0000,20.0000,46.4356,753.0407,87.1208,752.9210
441,275.0000,0.0000,20.0000,46.4356,753.0407,87.1208,752.9210
442,275.0000,0.0000,20.0000,46.4356,753.0407,87.1208,752.9210
443,275.0000,0.0000,20.0000,46.4356,753.0407,87.1208,752.9210
444,275.0000,0.0000,20.0000,46.4356,753.0407,87.1208,752.9210
445,275.0000,0.0000,20.0000,46.4356,753.0407,87.1208,752.9210
446,275.0000,0.0000,20.0000,46.4356,753.0407,87.1208,752.9210
447,275.0000,0.0000,20.0000,46.4356,753.0407,87.1208,752.9210
448,275.0000,0.0000,20.0000,46.4356,753.0407,87.1208,752.9210
449,275.0000,0.0000,20.0000,46.4356,753.0407,87.1208,752.9210
450,275.0000,0.0000,20.0000,46.4356,753.0407,87.1208,752.9210
451,275.0000,0.0000,20.0000,46.4356,753.0407,87.1208,752.9210
452,275.0000,0.0000,20.0000,46.4356,753.0407,87.1208,752.9210
453,275.0000,0.0000,20.0000,46.4356,753.0407,87.1208,752.9210
454,275.0000,0.0000,20.0000,46.4356,753.0407,87.1208,752.9210
455,275.0000,0.0000,20.0000,46.4356,753.0407,87.1208,752.9210
456,275.0000,0.0000,20.0000,46.4356,753.0407,87.1208,752.9210
457,275.0000,0.0000,20.0000,46.4356,753.0407,87.1208,752.9210
458,275.0000,0.0000,20.0000,46.4356,753.0407,87.1208,752.9210
459,275.0000,0.0000,20.0000,46.4356,753.0407,87.1208,752.9210
460,275.0000,0.0000,20.0000,46.4356,753.0407,87.1208,752.9210
461,275.0000,0.0000,20.0000,46.4356,753.0407,87.1208,752.9210
462,275.0000,0.0000,20.0000,46.4356,753.0407,87.1208,752.9210
463,275.0000,0.0000,20.0000,46.4356,753.0407,87.1208,752.9210
464,275.0000,0.0000,20.0000,46.4356,753.0407,87.1208,752.9210
465,275.0000,0.0000,20.0000,46.4356,753.0407,87.1208,752.9210
466,275.0000,0.0000,20.0000,46.4356,753.0407,87.1208,752.9210
467,275.0000,0.0000,20.0000,46.4356,753.0407,87.1208,752.9210
468,275.0000,0.0000,20.0000,46.4356,753.0407,87.1208,752.9210
469,275.0000,0.0000,20.0000,46.4356,753.0407,87.1208,752.9210
470,275.0000,0.0000,20.0000,46.4356,753.0407,87.1208,752.9210
471,275.0000,0.0000,20.0000,46.4356,753.0407,87.1208,752.9210
472,275.0000,0.0000,20.0000,46.4356,753.0407,87.1208,752.9210
473,275.0000,0.0000,20.0000,46.4356,753.0407,87.1208,752.9210
474,275.0000,0.0000,20.0000,46.4356,753.0407,87.1208,752.9210
475,275.0000,0.0000,20.0000,46.4356,753.0407,87.1208,752.9210
476,275.0000,0.0000,20.0000,46.4356,753.0407,87.1208,752.9210
477,275.0000,0.0000,20.0000,46.4356,753.0407,87.1208,752.9210
478,275.0000,0.0000,20.0000,46.4356,753.0407,87.1208,752.9210
479,275.0000,0.0000,20.0000,46.4356,753.0407,87.1208,752.9210
480,275.0000,0.0000,20.0000,46.4356,753.0407,87.1208,752.9210
481,275.0000,0.0000,20.0000,46.4356,753.0407,87.1208,752.9210
482,275.0000,0.0000,20.0000,46.4356,753.0407,87.1208,752.9210
483,275.0000,0.0000,20.0000,46.4356,753.0407,87.1208,752.9210
484,275.0000,0.0000,20.0000,46.4356,753.0407,87.1208,752.9210
485,275.0000,0.0000,20.0000,46.4356,753.0407,87.1208,752.9210
486,275.0000,0.0000,20.0000,46.4356,753.0407,87.1208,752.9210
487,275.0000,0.0000,20.0000,46.4356,753.0407,87.1208,752.9210
488,275.0000,0.0000,20.0000,46.4356,753.0407,87.1208,752.9210
489,275.0000,0.0000,20.0000,46.4356,753.0407,87.1208,752.9210
490,275.0000,0.0000,20.0000,46.4356,753.0407,87.1208,752.9210
491,275.0000,0.0000,20.0000,46.4356,753.0407,87.1208,752.9210
492,275.0000,0.0000,20.0000,46.4356,753.0407,87.1208,752.9210
493,275.0000,0.0000,20.0000,46.4356,753.0407,87.1208,752.9210
494,275.0000,0.0000,20.0000,46.4356,753.0407,87.1208,752.9210
495,275.0000,0.0000,20.0000,46.4356,753.0407,87.1208,752.9210
496,275.0000,0.0000,20.0000,46.4356,753.0407,87.1208,752.9210
497,275.0000,0.0000,20.0000,46.4356,753.0407,87.1208,752.9210
498,275.0000,0.0000,20.0000,46.4356,753.0407,87.1208,752.9210
499,275.0000,0.0000,20.0000,46.4356,753.0407,87.1208,752.9210
500,275.0000,0.0000,20.0000,46.4356,753.0407,87.1208,752.9210
501,275.0000,0.0000,20.0000,46.4356,753.0407,87.1208,752.9210
502,275.0000,0.0000,20.0000,46.4356,753.0407,87.1208,752.9210
503,275.0000,0.0000,20.0000,46.4356,753.0407,87.1208,752.9210
504,275.0000,0.0000,20.0000,46.4356,753.0407,87.1208,752.9210
505,275.0000,0.0000,20.0000,46.4356,753.0407,87.1208,752.9210
506,275.0000,0.0000,20.0000,46.4356,753.0407,87.1208,752.9210
507,275.0000,0.0000,20.0000,46.4356,753.0407,87.1208,752.9210
508,275.0000,0.0000,20.0000,46.4356,753.0407,87.1208,752.9210
509,275.0000,0.0000,20.0000,46.4356,753.0407,87.1208,752.9210
510,275.0000,0.0000,20.0000,46.4356,753.0407,87.1208,752.9210
511,275.0000,0.0000,20.0000,46.4356,753.0407,87.1208,752.9210
512,275.0000,0.0000,20.0000,46.4356,753.0407,87.1208,752.9210
513,275.0000,0.0000,20.0000,46.4356,753.0407,87.1208,752.9210
514,275.0000,0.0000,20.0000,46.4356,753.0407,87.1208,752.9210
515,275.0000,0.0000,20.0000,46.4356,753.0407,87.1208,752.9210
516,275.0000,0.0000,20.0000,46.4356,753.0407,87.1208,752.9210
517,275.0000,0.0000,20.0000,46.4356,753.0407,87.1208,752.9210
518,275.0000,0.0000,20.0000,46.4356,753.0407,87.1208,752.9210
519,275.0000,0.0000,20.0000,46.4356,753.0407,87.1208,752.9210
520,275.0000,0.0000,20.0000,46.4356,753.0407,87.1208,752.9210
521,275.0000,0.0000,20.0000,46.4356,753.0407,87.1208,752.9210
522,275.0000,0.0000,20.0000,46.4356,753.0407,87.1208,752.9210
523,275.0000,0.0000,20.0000,46.4356,753.0407,87.1208,752.9210
524,275.0000,0.0000,20.0000,46.4356,753.0407,87.1208,752.9210
525,275.0000,0.0000,20.0000,46.4356,753.0407,87.1208,752.9210
526,275.0000,0.0000,20.0000,46.4356,753.0407,87.1208,752.9210
527,275.0000,0.0000,20.0000,46.4356,753.0407,87.1208,752.9210
528,275.0000,0.0000,20.0000,46.4356,753.0407,87.1208,752.9210
529,275.0000,0.0000,20.0000,46.4356,753.0407,87.1208,752.9210
530,275.0000,0.0000,20.0000,46.4356,753.0407,87.1208,752.9210
531,275.0000,0.0000,20.0000,46.4356,753.0407,87.1208,752.9210
532,275.0000,0.0000,20.0000,46.4356,753.0407,87.1208,752.9210
533,275.0000,0.0000,20.0000,46.4356,753.0407,87.1208,752.9210
534,275.0000,0.0000,20.0000,46.4356,753.0407,87.1208,752.9210
535,275.0000,0.0000,20.0000,46.4356,753.0407,87.1208,752.9210
536,275.0000,0.0000,20.0000,46.4356,753.0407,87.1208,752.9210
537,275.0000,0.0000,20.0000,46.4356,753.0407,87.1208,752.9210
538,275.0000,0.0000,20.0000,46.4356,753.0407,87.1208,752.9210
539,275.0000,0.0000,20.0000,46.4356,753.0407,87.1208,752.9210
540,275.0000,0.0000,20.0000,46.4356,753.0407,87.1208,752.9210
541,275.0000,0.0000,20.0000,46.4356,753.0407,87.1208,752.9210
542,275.0000,0.0000,20.0000,46.4356,753.0407,87.1208,752.9210
543,275.0000,0.0000,20.0000,46.4356,753.0407,87.1208,752.9210
544,275.0000,0.0000,20.0000,46.4356,753.0407,87.1208,752.9210
545,275.0000,0.0000,20.0000,46.4356,753.0407,87.1208,752.9210
546,275.0000,0.0000,20.0000,46.4356,753.0407,87.1208,752.9210
547,275.0000,0.0000,20.0000,46.4356,753.0407,87.1208,752.9210
548,275.0000,0.0000,20.0000,46.4356,753.0407,87.1208,752.9210
549,275.0000,0.0000,20.0000,46.4356,753.0407,87.1208,752.9210
550,275.0000,0.0000,20.0000,46.4356,753.0407,87.1208,752.9210
551,275.0000,0.0000,20.0000,46.4356,753.0407,87.1208,752.9210
552,275.0000,0.0000,20.0000,46.4356,753.0407,87.1208,752.9210
553,275.0000,0.0000,20.0000,46.4356,753.0407,87.1208,752.9210
554,275.0000,0.0000,20.0000,46.4356,753.0407,87.1208,752.9210
555,275.0000,0.0000,20.0000,46.4356,753.0407,87.1208,752.9210
556,275.0000,0.0000,20.0000,46.4356,753.0407,87.1208,752.9210
557,275.0000,0.0000,20.0000,46.4356,753.0407,87.1208,752.9210
558,275.0000,0.0000,20.0000,46.4356,753.0407,87.1208,752.9210
559,275.0000,0.0000,20.0000,46.4356,753.0407,87.1208,752.9210
560,275.0000,0.0000,20.0000,46.4356,753.0407,87.1208,752.9210
561,275.0000,0.0000,20.0000,46.4356,753.0407,87.1208,752.9210
562,275.0000,0.0000,20.0000,46.4356,753.0407,87.1208,752.9210
563,275.0000,0.0000,20.0000,46.4356,753.0407,87.1208,752.9210
564,275.0000,0.0000,20.0000,46.4356,753.0407,87.1208,752.9210
565,275.0000,0.0000,20.0000,46.4356,753.0407,87.1208,752.9210
566,275.0000,0.0000,20.0000,46.4356,753.0407,87.1208,752.9210
567,275.0000,0.0000,20.0000,46.4356,753.0407,87.1208,752.9210
568,275.0000,0.0000,20.0000,46.4356,753.0407,87.1208,752.9210
569,275.0000,0.0000,20.0000,46.4356,753.0407,87.1208,752.9210
570,275.0000,0.0000,20.0000,46.4356,753.0407,87.1208,752.9210
571,275.0000,0.0000,20.0000,46.4356,753.0407,87.1208,752.9210
572,275.0000,0.0000,20.0000,46.4356,753.0407,87.1208,752.9210
573,275.0000,0.0000,20.0000,46.4356,753.0407,87.1208,752.9210
574,275.0000,0.0000,20.0000,46.4356,753.0407,87.1208,752.9210
575,275.0000,0.0000,20.0000,46.4356,753.0407,87.1208,752.9210
576,275.0000,0.0000,20.0000,46.4356,753.0407,87.1208,752.9210
577,275.0000,0.0000,20.0000,46.4356,753.0407,87.1208,752.9210
578,275.0000,0.0000,20.0000,46.4356,753.0407,87.1208,752.9210
579,275.0000,0.0000,20.0000,46.4356,753.0407,87.1208,752.9210
580,275.0000,0.0000,20.0000,46.4356,753.0407,87.1208,752.9210
581,275.0000,0.0000,20.0000,46.4356,753.0407,87.1208,752.9210
582,275.0000,0.0000,20.0000,46.4356,753.0407,87.1208,752.9210
583,275.0000,0.0000,20.0000,46.4356,753.0407,87.1208,752.9210
584,275.0000,0.0000,20.0000,46.4356,753.0407,87.1208,752.9210
585,275.0000,0.0000,20.0000,46.4356,753.0407,87.1208,752.9210
586,275.0000,0.0000,20.0000,46.4356,753.0407,87.1208,752.9210
587,275.0000,0.0000,20.0000,46.4356,753.0407,87.1208,752.9210
588,275.0000,0.0000,20.0000,46.4356,753.0407,87.1208,752.9210
589,275.0000,0.0000,20.0000,46.4356,753.0407,87.1208,752.9210
590,275.0000,0.0000,20.0000,46.4356,753.0407,87.1208,752.9210
591,275.0000,0.0000,20.0000,46.4356,753.0407,87.1208,752.9210
592,275.0000,0.0000,20.0000,46.4356,753.0407,87.1208,752.9210
593,275.0000,0.0000,20.0000,46.4356,753.0407,87.1208,752.9210
594,275.0000,0.0000,20.0000,46.4356,753.0407,87.1208,752.9210
595,275.0000,0.0000,20.0000,46.4356,753.0407,87.1208,752.9210
596,275.0000,0.0000,20.0000,46.4356,753.0407,87.1208,752.9210
597,275.0000,0.0000,20.0000,46.4356,753.0407,87.1208,752.9210
598,275.0000,0.0000,20.0000,46.4356,753.0407,87.1208,752.9210
599,275.0000,0.0000,20.0000,46.4356,753.0407,87.1208,752.9210
600,275.0000,0.0000,20.0000,46.4356,753.0407,87.1208,752.9210
601,275.0000,0.0000,20.0000,46.4356,753.0407,87.1208,752.9210
602,275.0000,0.0000,20.0000,46.4356,753.0407,87.1208,752.9210
603,275.0000,0.0000,20.0000,46.4356,753.0407,87.1208,752.9210
604,275.0000,0.0000,20.0000,46.4356,753.0407,87.1208,752.9210
605,275.0000,0.0000,20.0000,46.4356,753.0407,87.1208,752.9210
606,275.0000,0.0000,20.0000,46.4356,753.0407,87.1208,752.9210
607,275.0000,0.0000,20.0000,46.4356,753.0407,87.1208,752.9210
608,275.0000,0.0000,20.0000,46.4356,753.0407,87.1208,752.9210
609,275.0000,0.0000,20.0000,46.4356,753.0407,87.1208,752.9210
610,275.0000,0.0000,20.0000,46.4356,753.0407,87.1208,752.9210
611,275.0000,0.0000,20.0000,46.4356,753.0407,87.1208,752.9210
612,275.0000,0.0000,20.0000,46.4356,753.0407,87.1208,752.9210
613,275.0000,0.0000,20.0000,46.4356,753.0407,87.1208,752.9210
614,275.0000,0.0000,20.0000,46.4356,753.0407,87.1208,752.9210
615,275.0000,0.0000,20.0000,46.4356,753.0407,87.1208,752.9210
616,275.0000,0.0000,20.0000,46.4356,753.0407,87.1208,752.9210
617,275.0000,0.0000,20.0000,46.4356,753.0407,87.1208,752.9210
618,275.0000,0.0000,20.0000,46.4356,753.0407,87.1208,752.9210
619,275.0000,0.0000,20.0000,46.4356,753.0407,87.1208,752.9210
620,275.0000,0.0000,20.0000,46.4356,753.0407,87.1208,752.9210
621,275.0000,0.0000,20.0000,46.4356,753.0407,87.1208,752.9210
622,275.0000,0.0000,20.0000,46.4356,753.0407,87.1208,752.9210
623,275.0000,0.0000,20.0000,46.4356,753.0407,87.1208,752.9210
624,275.0000,0.0000,20.0000,46.4356,753.0407,87.1208,752.9210
625,275.0000,0.0000,20.0000,46.4356,753.0407,87.1208,752.9210
626,275.0000,0.0000,20.0000,46.4356,753.0407,87.1208,752.9210
627,275.0000,0.0000,20.0000,46.4356,753.0407,87.1208,752.9210
628,275.0000,0.0000,20.0000,46.4356,753.0407,87.1208,752.9210
629,275.0000,0.0000,20.0000,46.4356,753.0407,87.1208,752.9210
630,275.0000,0.0000,20.0000,46.4356,753.0407,87.1208,752.9210
631,275.0000,0.0000,20.0000,46.4356,753.0407,87.1208,752.9210
632,275.0000,0.0000,20.0000,46.4356,753.0407,87.1208,752.9210
633,275.0000,0.0000,20.0000,46.4356,753.0407,87.1208,752.9210
634,275.0000,0.0000,20.0000,46.4356,753.0407,87.1208,752.9210
635,275.0000,0.0000,20.0000,46.4356,753.0407,87.1208,752.9210
636,275.0000,0.0000,20.0000,46.4356,753.0407,87.1208,752.9210
637,275.0000,0.0000,20.0000,46.4356,753.0407,87.1208,752.9210
638,275.0000,0.0000,20.0000,46.4356,753.0407,87.1208,752.9210
639,275.0000,0.0000,20.0000,46.4356,753.0407,87.1208,752.9210
640,275.0000,0.0000,20.0000,46.4356,753.0407,87.1208,752.9210
641,275.0000,0.0000,20.0000,46.4356,753.0407,87.1208,752.9210
642,275.0000,0.0000,20.0000,46.4356,753.0407,87.1208,752.9210
643,275.0000,0.0000,20.0000,46.4356,753.0407,87.1208,752.9210
644,275.0000,0.0000,20.0000,46.4356,753.0407,87.1208,752.9210
645,275.0000,0.0000,20.0000,46.4356,753.0407,87.1208,752.9210
646,275.0000,0.0000,20.0000,46.4356,753.0407,87.1208,752.9210
647,275.0000,0.0000,20.0000,46.4356,753.0407,87.1208,752.9210
648,275.0000,0.0000,20.0000,46.4356,753.0407,87.1208,752.9210
649,275.0000,0.0000,20.0000,46.4356,753.0407,87.1208,752.9210
650,275.0000,0.0000,20.0000,46.4356,753.0407,87.1208,752.9210
651,275.0000,0.0000,20.0000,46.4356,753.0407,87.1208,752.9210
652,275.0000,0.0000,20.0000,46.4356,753.0407,87.1208,752.9210
653,275.0000,0.0000,20.0000,46.4356,753.0407,87.1208,752.9210
654,275.0000,0.0000,20.0000,46.4356,753.0407,87.1208,752.9210
655,275.0000,0.0000,20.0000,46.4356,753.0407,87.1208,752.9210
656,275.0000,0.0000,20.0000,46.4356,753.0407,87.1208,752.9210
657,275.0000,0.0000,20.0000,46.4356,753.0407,87.1208,752.9210
658,275.0000,0.0000,20.0000,46.4356,753.0407,87.1208,752.9210
659,275.0000,0.0000,20.0000,46.4356,753.0407,87.1208,752.9210
660,275.0000,0.0000,20.0000,46.4356,753.0407,87.1208,752.9210
661,275.0000,0.0000,20.0000,46.4356,753.0407,87.1208,752.9210
662,275.0000,0.0000,20.0000,46.4356,753.0407,87.1208,752.9210
663,275.0000,0.0000,20.0000,46.4356,753.0407,87.1208,752.9210
664,275.0000,0.0000,20.0000,46.4356,753.0407,87.1208,752.9210
665,275.0000,0.0000,20.0000,46.4356,753.0407,87.1208,752.9210
666,275.0000,0.0000,20.0000,46.4356,753.0407,87.1208,752.9210
667,275.0000,0.0000,20.0000,46.4356,753.0407,87.1208,752.9210
668,275.0000,0.0000,20.0000,46.4356,753.0407,87.1208,752.9210
669,275.0000,0.0000,20.0000,46.4356,753.0407,87.1208,752.9210
670,275.0000,0.0000,20.0000,46.4356,753.0407,87.1208,752.9210
671,275.0000,0.0000,20.0000,46.4356,753.0407,87.1208,752.9210
672,275.0000,0.0000,20.0000,46.4356,753.0407,87.1208,752.9210
673,275.0000,0.0000,20.0000,46.4356,753.0407,87.1208,752.9210
674,275.0000,0.0000,20.0000,46.4356,753.0407,87.1208,752.9210
675,275.0000,0.0000,20.0000,46.4356,753.0407,87.1208,752.9210
676,275.0000,0.0000,20.0000,46.4356,753.0407,87.1208,752.9210
677,275.0000,0.0000,20.0000,46.4356,753.0407,87.1208,752.9210
678,275.0000,0.0000,20.0000,46.4356,753.0407,87.1208,752.9210
679,275.0000,0.0000,20.0000,46.4356,753.0407,87.1208,752.9210
680,275.0000,0.0000,20.0000,46.4356,753.0407,87.1208,752.9210
681,275.0000,0.0000,20.0000,46.4356,753.0407,87.1208,752.9210
682,275.0000,0.0000,20.0000,46.4356,753.0407,87.1208,752.9210
683,275.0000,0.0000,20.0000,46.4356,753.0407,87.1208,752.9210
684,275.0000,0.0000,20.0000,46.4356,753.0407,87.1208,752.9210
685,275.0000,0.0000,20.0000,46.4356,753.0407,87.1208,752.9210
686,275.0000,0.0000,20.0000,46.4356,753.0407,87.1208,752.9210
687,275.0000,0.0000,20.0000,46.4356,753.0407,87.1208,752.9210
688,275.0000,0.0000,20.0000,46.4356,753.0407,87.1208,752.9210
689,275.0000,0.0000,20.0000,46.4356,753.0407,87.1208,752.9210
690,275.0000,0.0000,20.0000,46.4356,753.0407,87.1208,752.9210
691,275.0000,0.0000,20.0000,46.4356,753.0407,87.1208,752.9210
692,275.0000,0.0000,20.0000,46.4356,753.0407,87.1208,752.9210
693,275.0000,0.0000,20.0000,46.4356,753.0407,87.1208,752.9210
694,275.0000,0.0000,20.0000,46.4356,753.0407,87.1208,752.9210
695,275.0000,0.0000,20.0000,46.4356,753.0407,87.1208,752.9210
696,275.0000,0.0000,20.0000,46.4356,753.0407,87.1208,752.9210
697,275.0000,0.0000,20.0000,46.4356,753.0407,87.1208,752.9210
698,275.0000,0.0000,20.0000,46.4356,753.0407,87.1208,752.9210
699,275.0000,0.0000,20.0000,46.4356,753.0407,87.1208,752.9210
700,275.0000,0.0000,20.0000,46.4356,753.0407,87.1208,752.9210
701,275.0000,0.0000,20.0000,46.4356,753.0407,87.1208,752.9210
702,275.0000,0.0000,20.0000,46.4356,753.0407,87.1208,752.9210
703,275.0000,0.0000,20.0000,46.4356,753.0407,87.1208,752.9210
704,275.0000,0.0000,20.0000,46.4356,753.0407,87.1208,752.9210
705,275.0000,0.0000,20.0000,46.4356,753.0407,87.1208,752.9210
706,275.0000,0.0000,20.0000,46.4356,753.0407,87.1208,752.9210
707,275.0000,0.0000,20.0000,46.4356,753.0407,87.1208,752.9210
708,275.0000,0.0000,20.0000,46.4356,753.0407,87.1208,752.9210
709,275.0000,0.0000,20.0000,46.4356,753.0407,87.1208,752.9210
710,275.0000,0.0000,20.0000,46.4356,753.0407,87.1208,752.9210
711,275.0000,0.0000,20.0000,46.4356,753.0407,87.1208,752.9210
712,275.0000,0.0000,20.0000,46.4356,753.0407,87.1208,752.9210
713,275.0000,0.0000,20.0000,46.4356,753.0407,87.1208,752.9210
714,275.0000,0.0000,20.0000,46.4356,753.0407,87.1208,752.9210
715,275.0000,0.0000,20.0000,46.4356,753.0407,87.1208,752.9210
716,275.0000,0.0000,20.0000,46.4356,753.0407,87.1208,752.9210
717,275.0000,0.0000,20.0000,46.4356,753.0407,87.1208,752.9210
718,275.0000,0.0000,20.0000,46.4356,753.0407,87.1208,752.9210
719,275.0000,0.0000,20.0000,46.4356,753.0407,87.1208,752.9210
720,275.0000,0.0000,20.0000,46.4356,753.0407,87.1208,752.9210
721,275.0000,0.0000,20.0000,46.4356,753.0407,87.1208,752.9210
722,275.0000,0.0000,20.0000,46.4356,753.0407,87.1208,752.9210
723,275.0000,0.0000,20.0000,46.4356,753.0407,87.1208,752.9210
724,275.0000,0.0000,20.0000,46.4356,753.0407,87.1208,752.9210
725,275.0000,0.0000,20.0000,46.4356,753.0407,87.1208,752.9210
726,275.0000,0.0000,20.0000,46.4356,753.0407,87.1208,752.9210
727,275.0000,0.0000,20.0000,46.4356,753.0407,87.1208,752.9210
728,275.0000,0.0000,20.0000,46.4356,753.0407,87.1208,752.9210
729,275.0000,0.0000,20.0000,46.4356,753.0407,87.1208,752.9210
730,275.0000,0.0000,20.0000,46.4356,753.0407,87.1208,752.9210
731,275.0000,0.0000,20.0000,46.4356,753.0407,87.1208,752.9210
732,275.0000,0.0000,20.0000,46.4356,753.0407,87.1208,752.9210
733,275.0000,0.0000,20.0000,46.4356,753.0407,87.1208,752.9210
734,275.0000,0.0000,20.0000,46.4356,753.0407,87.1208,752.9210
735,275.0000,0.0000,20.0000,46.4356,753.0407,87.1208,752.9210
736,275.0000,0.0000,20.0000,46.4356,753.0407,87.1208,752.9210
737,275.0000,0.0000,20.0000,46.4356,753.0407,87.1208,752.9210
738,275.0000,0.0000,20.0000,46.4356,753.0407,87.1208,752.9210
739,275.0000,0.0000,20.0000,46.4356,753.0407,87.1208,752.9210
740,275.0000,0.0000,20.0000,46.4356,753.0407,87.1208,752.9210
741,275.0000,0.0000,20.0000,46.4356,753.0407,87.1208,752.9210
742,275.0000,0.0000,20.0000,46.4356,753.0407,87.1208,752.9210
743,275.0000,0.0000,20.0000,46.4356,753.0407,87.1208,752.9210
744,275.0000,0.0000,20.0000,46.4356,753.0407,87.1208,752.9210
745,275.0000,0.0000,20.0000,46.4356,753.0407,87.1208,752.9210
746,275.0000,0.0000,20.0000,46.4356,753.0407,87.1208,752.9210
747,275.0000,0.0000,20.0000,46.4356,753.0407,87.1208,752.9210
748,275.0000,0.0000,20.0000,46.4356,753.0407,87.1208,752.9210
749,275.0000,0.0000,20.0000,46.4356,753.0407,87.1208,752.9210
750,275.0000,0.0000,20.0000,46.4356,753.0407,87.1208,752.9210
751,275.0000,0.0000,20.0000,46.4356,753.0407,87.1208,752.9210
752,275.0000,0.0000,20.0000,46.4356,753.0407,87.1208,752.9210
753,275.0000,0.0000,20.0000,46.4356,753.0407,87.1208,752.9210
754,275.0000,0.0000,20.0000,46.4356,753.0407,87.1208,752.9210
755,275.0000,0.0000,20.0000,46.4356,753.0407,87.1208,752.9210
756,275.0000,0.0000,20.0000,46.4356,753.0407,87.1208,752.9210
757,275.0000,0.0000,20.0000,46.4356,753.0407,87.1208,752.9210
758,275.0000,0.0000,20.0000,46.4356,753.0407,87.1208,752.9210
759,275.0000,0.0000,20.0000,46.4356,753.0407,87.1208,752.9210
760,275.0000,0.0000,20.0000,46.4356,753.0407,87.1208,752.9210
761,275.0000,0.0000,20.0000,46.4356,753.0407,87.1208,752.9210
762,275.0000,0.0000,20.0000,46.4356,753.0407,87.1208,752.9210
763,275.0000,0.0000,20.0000,46.4356,753.0407,87.1208,752.9210
764,275.0000,0.0000,20.0000,46.4356,753.0407,87.1208,752.9210
765,275.0000,0.0000,20.0000,46.4356,753.0407,87.1208,752.9210
766,275.0000,0.0000,20.0000,46.4356,753.0407,87.1208,752.9210
767,275.0000,0.0000,20.0000,46.4356,753.0407,87.1208,752.9210
768,275.0000,0.0000,20.0000,46.4356,753.0407,87.1208,752.9210
769,275.0000,0.0000,20.0000,46.4356,753.0407,87.1208,752.9210
770,275.0000,0.0000,20.0000,46.4356,753.0407,87.1208,752.9210
771,275.0000,0.0000,20.0000,46.4356,753.0407,87.1208,752.9210
772,275.0000,0.0000,20.0000,46.4356,753.0407,87.1208,752.9210
773,275.0000,0.0000,20.0000,46.4356,753.0407,87.1208,752.9210
774,275.0000,0.0000,20.0000,46.4356,753.0407,87.1208,752.9210
775,275.0000,0.0000,20.0000,46.4356,753.0407,87.1208,752.9210
776,275.0000,0.0000,20.0000,46.4356,753.0407,87.1208,752.9210
777,275.0000,0.0000,20.0000,46.4356,753.0407,87.1208,752.9210
778,275.0000,0.0000,20.0000,46.4356,753.0407,87.1208,752.9210
779,275.0000,0.0000,20.0000,46.4356,753.0407,87.1208,752.9210
780,275.0000,0.0000,20.0000,46.4356,753.0407,87.1208,752.9210
781,275.0000,0.0000,20.0000,46.4356,753.0407,87.1208,752.9210
782,275.0000,0.0000,20.0000,46.4356,753.0407,87.1208,752.9210
783,275.0000,0.0000,20.0000,46.4356,753.0407,87.1208,752.9210
784,275.0000,0.0000,20.0000,46.4356,753.0407,87.1208,752.9210
785,275.0000,0.0000,20.0000,46.4356,753.0407,87.1208,752.9210
786,275.0000,0.0000,20.0000,46.4356,753.0407,87.1208,752.9210
787,275.0000,0.0000,20.0000,46.4356,753.0407,87.1208,752.9210
788,275.0000,0.0000,20.0000,46.4356,753.0407,87.1208,752.9210
789,275.0000,0.0000,20.0000,46.4356,753.0407,87.1208,752.9210
790,275.0000,0.0000,20.0000,46.4356,753.0407,87.1208,752.9210
791,275.0000,0.0000,20.0000,46.4356,753.0407,87.1208,752.9210
792,275.0000,0.0000,20.0000,46.4356,753.0407,87.1208,752.9210
793,275.0000,0.0000,20.0000,46.4356,753.0407,87.1208,752.9210
794,275.0000,0.0000,20.0000,46.4356,753.0407,87.1208,752.9210
795,275.0000,0.0000,20.0000,46.4356,753.0407,87.1208,752.9210
796,275.0000,0.0000,20.0000,46.4356,753.0407,87.1208,752.9210
797,275.0000,0.0000,20.0000,46.4356,753.0407,87.1208,752.9210
798,275.0000,0.0000,20.0000,46.4356,753.0407,87.1208,752.9210
799,275.0000,0.0000,20.0000,46.4356,753.0407,87.1208,752.9210
800,275.0000,0.0000,20.0000,46.4356,753.0407,87.1208,752.9210
801,275.0000,0.0000,20.0000,46.4356,753.0407,87.1208,752.9210
802,275.0000,0.0000,20.0000,46.4356,753.0407,87.1208,752.9210
803,275.0000,0.0000,20.0000,46.4356,753.0407,87.1208,752.9210
804,275.0000,0.0000,20.0000,46.4356,753.0407,87.1208,752.9210
805,275.0000,0.0000,20.0000,46.4356,753.0407,87.1208,752.9210
806,275.0000,0.0000,20.0000,46.4356,753.0407,87.1208,752.9210
807,275.0000,0.0000,20.0000,46.4356,753.0407,87.1208,752.9210
808,275.0000,0.0000,20.0000,46.4356,753.0407,87.1208,752.9210
809,275.0000,0.0000,20.0000,46.4356,753.0407,87.1208,752.9210
810,275.0000,0.0000,20.0000,46.4356,753.0407,87.1208,752.9210
811,275.0000,0.0000,20.0000,46.4356,753.0407,87.1208,752.9210
812,275.0000,0.0000,20.0000,46.4356,753.0407,87.1208,752.9210
813,275.0000,0.0000,20.0000,46.4356,753.0407,87.1208,752.9210
814,275.0000,0.0000,20.0000,46.4356,753.0407,87.1208,752.9210
815,275.0000,0.0000,20.0000,46.4356,753.0407,87.1208,752.9210
816,275.0000,0.0000,20.0000,46.4356,753.0407,87.1208,752.9210
817,275.0000,0.0000,20.0000,46.4356,753.0407,87.1208,752.9210
818,275.0000,0.0000,20.0000,46.4356,753.0407,87.1208,752.9210
819,275.0000,0.0000,20.0000,46.4356,753.0407,87.1208,752.9210
820,275.0000,0.0000,20.0000,46.4356,753.0407,87.1208,752.9210
821,275.0000,0.0000,20.0000,46.4356,753.0407,87.1208,752.9210
822,275.0000,0.0000,20.0000,46.4356,753.0407,87.1208,752.9210
823,275.0000,0.0000,20.0000,46.4356,753.0407,87.1208,752.9210
824,275.0000,0.0000,20.0000,46.4356,753.0407,87.1208,752.9210
825,275.0000,0.0000,20.0000,46.4356,753.0407,87.1208,752.9210
826,275.0000,0.0000,20.0000,46.4356,753.0407,87.1208,752.9210
827,275.0000,0.0000,20.0000,46.4356,753.0407,87.1208,752.9210
828,275.0000,0.0000,20.0000,46.4356,753.0407,87.1208,752.9210
829,275.0000,0.0000,20.0000,46.4356,753.0407,87.1208,752.9210
830,275.0000,0.0000,20.0000,46.4356,753.0407,87.1208,752.9210
831,275.0000,0.0000,20.0000,46.4356,753.0407,87.1208,752.9210
832,275.0000,0.0000,20.0000,46.4356,753.0407,87.1208,752.9210
833,275.0000,0.0000,20.0000,46.4356,753.0407,87.1208,752.9210
834,275.0000,0.0000,20.0000,46.4356,753.0407,87.1208,752.9210
835,275.0000,0.0000,20.0000,46.4356,753.0407,87.1208,752.9210
836,275.0000,0.0000,20.0000,46.4356,753.0407,87.1208,752.9210
837,275.0000,0.0000,20.0000,46.4356,753.0407,87.1208,752.9210
838,275.0000,0.0000,20.0000,46.4356,753.0407,87.1208,752.9210
839,275.0000,0.0000,20.0000,46.4356,753.0407,87.1208,752.9210
840,275.0000,0.0000,20.0000,46.4356,753.0407,87.1208,752.9210
841,275.0000,0.0000,20.0000,46.4356,753.0407,87.1208,752.9210
842,275.0000,0.0000,20.0000,46.4356,753.0407,87.1208,752.9210
843,275.0000,0.0000,20.0000,46.4356,753.0407,87.1208,752.9210
844,275.0000,0.0000,20.0000,46.4356,753.0407,87.1208,752.9210
845,275.0000,0.0000,20.0000,46.4356,753.0407,87.1208,752.9210
846,275.0000,0.0000,20.0000,46.4356,753.0407,87.1208,752.9210
847,275.0000,0.0000,20.0000,46.4356,753.0407,87.1208,752.9210
848,275.0000,0.0000,20.0000,46.4356,753.0407,87.1208,752.9210
849,275.0000,0.0000,20.0000,46.4356,753.0407,87.1208,752.9210
850,275.0000,0.0000,20.0000,46.4356,753.0407,87.1208,752.9210
851,275.0000,0.0000,20.0000,46.4356,753.0407,87.1208,752.9210
852,275.0000,0.0000,20.0000,46.4356,753.0407,87.1208,752.9210
853,275.0000,0.0000,20.0000,46.4356,753.0407,87.1208,752.9210
854,275.0000,0.0000,20.0000,46.4356,753.0407,87.1208,752.9210
855,275.0000,0.0000,20.0000,46.4356,753.0407,87.1208,752.9210
856,275.0000,0.0000,20.0000,46.4356,753.0407,87.1208,752.9210
857,275.0000,0.0000,20.0000,46.4356,753.0407,87.1208,752.9210
858,275.0000,0.0000,20.0000,46.4356,753.0407,87.1208,752.9210
859,275.0000,0.0000,20.0000,46.4356,753.0407,87.1208,752.9210
860,275.0000,0.0000,20.0000,46.4356,753.0407,87.1208,752.9210
861,275.0000,0.0000,20.0000,46.4356,753.0407,87.1208,752.9210
862,275.0000,0.0000,20.0000,46.4356,753.0407,87.1208,752.9210
863,275.0000,0.0000,20.0000,46.4356,753.0407,87.1208,752.9210
864,275.0000,0.0000,20.0000,46.4356,753.0407,87.1208,752.9210
865,275.0000,0.0000,20.0000,46.4356,753.0407,87.1208,752.9210
866,275.0000,0.0000,20.0000,46.4356,753.0407,87.1208,752.9210
867,275.0000,0.0000,20.0000,46.4356,753.0407,87.1208,752.9210
868,275.0000,0.0000,20.0000,46.4356,753.0407,87.1208,752.9210
869,275.0000,0.0000,20.0000,46.4356,753.0407,87.1208,752.9210
870,275.0000,0.0000,20.0000,46.4356,753.0407,87.1208,752.9210
871,275.0000,0.0000,20.0000,46.4356,753.0407,87.1208,752.9210
872,275.0000,0.0000,20.0000,46.4356,753.0407,87.1208,752.9210
873,275.0000,0.0000,20.0000,46.4356,753.0407,87.1208,752.9210
874,275.0000,0.0000,20.0000,46.4356,753.0407,87.1208,752.9210
875,275.0000,0.0000,20.0000,46.4356,753.0407,87.1208,752.9210
876,275.0000,0.0000,20.0000,46.4356,753.0407,87.1208,752.9210
877,275.0000,0.0000,20.0000,46.4356,753.0407,87.1208,752.9210
878,275.0000,0.0000,20.0000,46.4356,753.0407,87.1208,752.9210
879,275.0000,0.0000,20.0000,46.4356,753.0407,87.1208,752.9210
880,275.0000,0.0000,20.0000,46.4356,753.0407,87.1208,752.9210
881,275.0000,0.0000,20.0000,46.4356,753.0407,87.1208,752.9210
882,275.0000,0.0000,20.0000,46.4356,753.0407,87.1208,752.9210
883,275.0000,0.0000,20.0000,46.4356,753.0407,87.1208,752.9210
884,275.0000,0.0000,20.0000,46.4356,753.0407,87.1208,752.9210
885,275.0000,0.0000,20.0000,46.4356,753.0407,87.1208,752.9210
886,275.0000,0.0000,20.0000,46.4356,753.0407,87.1208,752.9210
887,275.0000,0.0000,20.0000,46.4356,753.0407,87.1208,752.9210
888,275.0000,0.0000,20.0000,46.4356,753.0407,87.1208,752.9210
889,275.0000,0.0000,20.0000,46.4356,753.0407,87.1208,752.9210
890,275.0000,0.0000,20.0000,46.4356,753.0407,87.1208,752.9210
891,275.0000,0.0000,20.0000,46.4356,753.0407,87.1208,752.9210
892,275.0000,0.0000,20.0000,46.4356,753.0407,87.1208,752.9210
893,275.0000,0.0000,20.0000,46.4356,753.0407,87.1208,752.9210
894,275.0000,0.0000,20.0000,46.4356,753.0407,87.1208,752.9210
895,275.0000,0.0000,20.0000,46.4356,753.0407,87.1208,752.9210
896,275.0000,0.0000,20.0000,46.4356,753.0407,87.1208,752.9210
897,275.0000,0.0000,20.0000,46.4356,753.0407,87.1208,752.9210
898,275.0000,0.0000,20.0000,46.4356,753.0407,87.1208,752.9210
899,275.0000,0.0000,20.0000,46.4356,753.0407,87.1208,752.9210
900,275.0000,0.0000,20.0000,46.4356,753.0407,87.1208,752.9210
901,275.0000,0.0000,20.0000,46.4356,753.0407,87.1208,752.9210
902,275.0000,0.0000,20.0000,46.4356,753.0407,87.1208,752.9210
903,275.0000,0.0000,20.0000,46.4356,753.0407,87.1208,752.9210
904,275.0000,0.0000,20.0000,46.4356,753.0407,87.1208,752.9210
905,275.0000,0.0000,20.0000,46.4356,753.0407,87.1208,752.9210
906,275.0000,0.0000,20.0000,46.4356,753.0407,87.1208,752.9210
907,275.0000,0.0000,20.0000,46.4356,753.0407,87.1208,752.9210
908,275.0000,0.0000,20.0000,46.4356,753.0407,87.1208,752.9210
909,275.0000,0.0000,20.0000,46.4356,753.0407,87.1208,752.9210
910,275.0000,0.0000,20.0000,46.4356,753.0407,87.1208,752.9210
911,275.0000,0.0000,20.0000,46.4356,753.0407,87.1208,752.9210
912,275.0000,0.0000,20.0000,46.4356,753.0407,87.1208,752.9210
913,275.0000,0.0000,20.0000,46.4356,753.0407,87.1208,752.9210
914,275.0000,0.0000,20.0000,46.4356,753.0407,87.1208,752.9210
915,275.0000,0.0000,20.0000,46.4356,753.0407,87.1208,752.9210
916,275.0000,0.0000,20.0000,46.4356,753.0407,87.1208,752.9210
917,275.0000,0.0000,20.0000,46.4356,753.0407,87.1208,752.9210
918,275.0000,0.0000,20.0000,46.4356,753.0407,87.1208,752.9210
919,275.0000,0.0000,20.0000,46.4356,753.0407,87.1208,752.9210
920,275.0000,0.0000,20.0000,46.4356,753.0407,87.1208,752.9210
921,275.0000,0.0000,20.0000,46.4356,753.0407,87.1208,752.9210
922,275.0000,0.0000,20.0000,46.4356,753.0407,87.1208,752.9210
923,275.0000,0.0000,20.0000,46.4356,753.0407,87.1208,752.9210
924,275.0000,0.0000,20.0000,46.4356,753.0407,87.1208,752.9210
925,275.0000,0.0000,20.0000,46.4356,753.0407,87.1208,752.9210
926,275.0000,0.0000,20.0000,46.4356,753.0407,87.1208,752.9210
927,275.0000,0.0000,20.0000,46.4356,753.0407,87.1208,752.9210
928,275.0000,0.0000,20.0000,46.4356,753.0407,87.1208,752.9210
929,275.0000,0.0000,20.0000,46.4356,753.0407,87.1208,752.9210
930,275.0000,0.0000,20.0000,46.4356,753.0407,87.1208,752.9210
931,275.0000,0.0000,20.0000,46.4356,753.0407,87.1208,752.9210
932,275.0000,0.0000,20.0000,46.4356,753.0407,87.1208,752.9210
933,275.0000,0.0000,20.0000,46.4356,753.0407,87.1208,752.9210
934,275.0000,0.0000,20.0000,46.4356,753.0407,87.1208,752.9210
935,275.0000,0.0000,20.0000,46.4356,753.0407,87.1208,752.9210
936,275.0000,0.0000,20.0000,46.4356,753.0407,87.1208,752.9210
937,275.0000,0.0000,20.0000,46.4356,753.0407,87.1208,752.9210
938,275.0000,0.0000,20.0000,46.4356,753.0407,87.1208,752.9210
939,275.0000,0.0000,20.0000,46.4356,753.0407,87.1208,752.9210
940,275.0000,0.0000,20.0000,46.4356,753.0407,87.1208,752.9210
941,275.0000,0.0000,20.0000,46.4356,753.0407,87.1208,752.9210
942,275.0000,0.0000,20.0000,46.4356,753.0407,87.1208,752.9210
943,275.0000,0.0000,20.0000,46.4356,753.0407,87.1208,752.9210
944,275.0000,0.0000,20.0000,46.4356,753.0407,87.1208,752.9210
945,275.0000,0.0000,20.0000,46.4356,753.0407,87.1208,752.9210
946,275.0000,0.0000,20.0000,46.4356,753.0407,87.1208,752.9210
947,275.0000,0.0000,20.0000,46.4356,753.0407,87.1208,752.9210
948,275.0000,0.0000,20.0000,46.4356,753.0407,87.1208,752.9210
949,275.0000,0.0000,20.0000,46.4356,753.0407,87.1208,752.9210
950,275.0000,0.0000,20.0000,46.4356,753.0407,87.1208,752.9210
951,275.0000,0.0000,20.0000,46.4356,753.0407,87.1208,752.9210
952,275.0000,0.0000,20.0000,46.4356,753.0407,87.1208,752.9210
953,275.0000,0.0000,20.0000,46.4356,753.0407,87.1208,752.9210
954,275.0000,0.0000,20.0000,46.4356,753.0407,87.1208,752.9210
955,275.0000,0.0000,20.0000,46.4356,753.0407,87.1208,752.9210
956,275.0000,0.0000,20.0000,46.4356,753.0407,87.1208,752.9210
957,275.0000,0.0000,20.0000,46.4356,753.0407,87.1208,752.9210
958,275.0000,0.0000,20.0000,46.4356,753.0407,87.1208,752.9210
959,275.0000,0.0000,20.0000,46.4356,753.0407,87.1208,752.9210
960,275.0000,0.0000,20.0000,46.4356,753.0407,87.1208,752.9210
961,275.0000,0.0000,20.0000,46.4356,753.0407,87.1208,752.9210
962,275.0000,0.0000,20.0000,46.4356,753.0407,87.1208,752.9210
963,275.0000,0.0000,20.0000,46.4356,753.0407,87.1208,752.9210
964,275.0000,0.0000,20.0000,46.4356,753.0407,87.1208,752.9210
965,275.0000,0.0000,20.0000,46.4356,753.0407,87.1208,752.9210
966,275.0000,0.0000,20.0000,46.4356,753.0407,87.1208,752.9210
967,275.0000,0.0000,20.0000,46.4356,753.0407,87.1208,752.9210
968,275.0000,0.0000,20.0000,46.4356,753.0407,87.1208,752.9210
969,275.0000,0.0000,20.0000,46.4356,753.0407,87.1208,752.9210
970,275.0000,0.0000,20.0000,46.4356,753.0407,87.1208,752.9210
971,275.0000,0.0000,20.0000,46.4356,753.0407,87.1208,752.9210
972,275.0000,0.0000,20.0000,46.4356,753.0407,87.1208,752.9210
973,275.0000,0.0000,20.0000,46.4356,753.0407,87.1208,752.9210
974,275.0000,0.0000,20.0000,46.4356,753.0407,87.1208,752.9210
975,275.0000,0.0000,20.0000,46.4356,753.0407,87.1208,752.9210
976,275.0000,0.0000,20.0000,46.4356,753.0407,87.1208,752.9210
977,275.0000,0.0000,20.0000,46.4356,753.0407,87.1208,752.9210
978,275.0000,0.0000,20.0000,46.4356,753.0407,87.1208,752.9210
979,275.0000,0.0000,20.0000,46.4356,753.0407,87.1208,752.9210
980,275.0000,0.0000,20.0000,46.4356,753.0407,87.1208,752.9210
981,275.0000,0.0000,20.0000,46.4356,753.0407,87.1208,752.9210
982,275.0000,0.0000,20.0000,46.4356,753.0407,87.1208,752.9210
983,275.0000,0.0000,20.0000,46.4356,753.0407,87.1208,752.9210
984,275.0000,0.0000,20.0000,46.4356,753.0407,87.1208,752.9210
985,275.0000,0.0000,20.0000,46.4356,753.0407,87.1208,752.9210
986,275.0000,0.0000,20.0000,46.4356,753.0407,87.1208,752.9210
987,275.0000,0.0000,20.0000,46.4356,753.0407,87.1208,752.9210
988,275.0000,0.0000,20.0000,46.4356,753.0407,87.1208,752.9210
989,275.0000,0.0000,20.0000,46.4356,753.0407,87.1208,752.9210
990,275.0000,0.0000,20.0000,46.4356,753.0407,87.1208,752.9210
991,275.0000,0.0000,20.0000,46.4356,753.0407,87.1208,752.9210
992,275.0000,0.0000,20.0000,46.4356,753.0407,87.1208,752.9210
993,275.0000,0.0000,20.0000,46.4356,753.0407,87.1208,752.9210
994,275.0000,0.0000,20.0000,46.4356,753.0407,87.1208,752.9210
995,275.0000,0.0000,20.0000,46.4356,753.0407,87.1208,752.9210
996,275.0000,0.0000,20.0000,46.4356,753.0407,87.1208,752.9210
997,275.0000,0.0000,20.0000,46.4356,753.0407,87.1208,752.9210
998,275.0000,0.0000,20.0000,46.4356,753.0407,87.1208,752.9210
999,275.0000,0.0000,20.0000,46.4356,753.0407,87.1208,752.9210
1000,275.0000,0.0000,20.0000,46.4356,753.0407,87.1208,752.9210
1001,275.0000,0.0000,20.0000,46.4356,753.0407,87.1208,752.9210
